transaction_id,upi_id,sender_number,receiver_number,amount,timestamp,status
2b9680b1-218d-4224-8db0-6260ca2474ce,thomasgopal@okaxis,5388097556,9967287041,5000,20-12-2025  17:05:21,SUCCESS
0b8c9244-b265-44a7-84fa-73c2cb29cfd8,oeshi36@okaxis,8104327338,8733476097,1000,04-01-2026  19:24:30,SUCCESS
cb362270-1d69-4a20-a7f1-a3dba486b8e8,jraman@okaxis,1220627326,2626032544,1000,13-01-2026  14:22:36,SUCCESS
e7c32518-ca3e-4287-81f7-7e3fa95aa8f9,bhatalexander@okaxis,1919675039,7090813364,5000,14-01-2026  06:22:49,SUCCESS
21ecdfb6-44d7-430d-83a2-a29f0c435262,brahmbhattcharan@okaxis,6094620729,7510644321,2000,26-01-2026  13:55:09,SUCCESS
7a543c74-df5f-4136-ae6d-51c264654b17,deolnaksh@okaxis,6041366946,5446819501,5000,23-12-2025  06:34:07,SUCCESS
d046e3e6-f35a-452f-a7ba-e7a97b15ad21,raagini96@okaxis,8831550938,1062046475,500,25-01-2026  21:55:52,SUCCESS
53b48259-9cfd-4de5-b73a-1fe4e088c63c,eparekh@okaxis,4317896616,1783296592,5000,22-01-2026  17:21:53,SUCCESS
3943d5c7-415c-4d6a-b72e-288f2f47338f,achaudhari@okaxis,1422868350,1992732635,1000,17-01-2026  21:02:51,SUCCESS
80cd691d-2366-45f4-a015-e6958d89daea,hamsini30@okaxis,9798661287,4924826517,2000,14-01-2026  07:55:33,SUCCESS
14088c4e-0021-4dc8-abe7-72ffac1cd4cd,lilakulkarni@okaxis,3232423175,9022339791,1000,29-12-2025  12:06:13,SUCCESS
24440c23-d727-412b-894f-66c8ad354814,georgebiswas@okaxis,3048978976,6931167555,2000,27-12-2025  21:44:23,SUCCESS
5c4c7fd8-cc8e-4c43-89be-91c489b6d6bc,hgoel@okaxis,8299708532,9890328957,1000,12-01-2026  20:39:28,SUCCESS
2b7a0e2e-4529-4bd9-96d6-45078e40cb82,siddharth60@okaxis,5954747624,7760941885,2000,25-12-2025  08:08:13,SUCCESS
ee9d5ce4-802f-4e2b-adda-025af6ce0899,krishnatarak@okaxis,1696342230,8839833825,1000,23-01-2026  19:10:06,SUCCESS
38ac521e-afdf-4a16-a55b-3186ff55ac86,nirja53@okaxis,3821857509,725546800,5000,13-02-2026  11:26:03,SUCCESS
cd54a56c-020c-4da7-9bf0-d9c76969cb06,nbuch@okaxis,4493864839,2432747835,2000,07-02-2026  18:11:01,SUCCESS
2b299654-edfa-463b-a847-599f0f59cbc3,galayagnesh@okaxis,6144090513,7578244651,5000,01-02-2026  14:56:44,SUCCESS
8356dff7-aff3-4149-bf86-ef7bfb73f881,abeer54@okaxis,4595783606,4391157586,1000,15-02-2026  16:30:05,SUCCESS
6028a145-0f2a-48c5-ae71-0d2d2df758e3,williamchada@okaxis,8932721181,6519177278,5000,03-01-2026  06:34:02,SUCCESS
bd8f0d86-a58e-41f8-ae5d-980d03957414,regeavni@okaxis,9839758439,3198390415,500,25-12-2025  15:52:31,SUCCESS
27123a53-4731-4626-affe-c5b2cd04f29f,anitabrar@okaxis,9690676872,7321643002,500,16-01-2026  13:23:23,SUCCESS
1f42b5c7-ef95-41a3-9023-74fb457a9450,yachana72@okaxis,4951893899,5105099144,2000,13-01-2026  19:39:33,SUCCESS
ebca3d9f-215d-4bfa-9f61-ee973f1fa562,mroy@okaxis,2355772580,4434625870,500,18-01-2026  22:40:17,SUCCESS
46394fae-e20c-4297-a898-ce53746a8c7b,patrick87@okaxis,3582298144,515133766,500,31-01-2026  12:13:51,SUCCESS
3dc2d019-d32f-4350-b6bf-fbdc71cfe244,ysalvi@okaxis,7636593449,4817355898,500,29-12-2025  18:37:15,SUCCESS
d40957d4-7f08-4ee0-b79d-7f3701e48b60,behlxavier@okaxis,1877691058,2926797019,500,09-01-2026  12:50:26,SUCCESS
43319d42-047a-48ac-a920-3f6fffd37e45,ekiyabera@okaxis,288133522,6296468100,5000,14-01-2026  13:45:19,SUCCESS
8f379b2f-4a97-4564-841c-f74cc4f9765b,warjas85@okaxis,4526316054,2848550802,1000,26-12-2025  16:17:53,SUCCESS
20ba73e4-6bec-4333-b173-0063f4096a53,warjas02@okaxis,864185526,8335635335,1000,04-02-2026  20:32:37,SUCCESS
91ede704-eefa-40ba-9c3b-c335057c8d84,vrittiwali@okaxis,7316653479,3024493425,1000,21-12-2025  07:56:17,SUCCESS
823a0ccc-6afe-4c4c-b02e-88141a2a1abd,ayushman50@okaxis,4391425463,2476219414,1000,26-01-2026  08:30:36,SUCCESS
c960d570-96da-45b8-b12e-fb1b33ad2272,rpathak@okaxis,6206282886,8936051742,500,05-01-2026  16:14:52,SUCCESS
176c22c4-1539-47db-b3df-5f850e8143ec,oeshiwarrior@okaxis,8334067721,6493135632,2000,16-01-2026  21:29:17,SUCCESS
9fe63186-0c2b-432f-857a-391a1b54ac8b,fbrahmbhatt@okaxis,4646690743,9428615311,1000,08-01-2026  20:12:24,SUCCESS
3c63f18b-be56-4c8f-8127-1ea17250c925,vincent97@okaxis,9674272791,2325674302,5000,21-01-2026  16:23:26,SUCCESS
29a061e8-5ccb-4660-9edf-59d4a07a211a,nigamudant@okaxis,4053187883,258047717,2000,05-01-2026  21:51:33,SUCCESS
80787344-bb3b-4184-81f0-6a15f3b0894b,grewalgeorge@okaxis,9528652358,9550275888,1000,20-12-2025  09:02:42,SUCCESS
1477c966-f089-4187-b035-2a1cf691346f,atharv54@okaxis,7534723483,6074701707,1000,09-02-2026  11:36:15,SUCCESS
dcbb0117-9d76-4eb2-84f6-e908abd9420b,ndevi@okaxis,8314696279,7378308258,5000,31-12-2025  13:34:41,SUCCESS
60b15481-cf89-4457-95ba-6a59c215e765,krishna10@okaxis,2720610910,7748104047,2000,23-01-2026  21:41:39,SUCCESS
8f9f5502-b150-493e-8718-8c07b80ec867,vaidyamekhala@okaxis,2416251957,8591394839,500,09-02-2026  12:18:29,SUCCESS
ff3f2b71-8458-4615-bed7-071f9f86a387,ozachariah@okaxis,1923258115,8196225543,2000,09-01-2026  07:21:36,SUCCESS
ed989398-b885-4b17-8474-fa6d53a5b084,yashoda29@okaxis,3239603550,8430889510,2000,04-01-2026  13:25:37,SUCCESS
61522f93-1bc7-4493-a965-3fe4c2f69634,viraj76@okaxis,580034191,533340503,2000,01-01-2026  10:03:49,SUCCESS
2f597cff-d0d7-48b7-89b3-de7ba4983a94,yash84@okaxis,4719781220,8991586728,2000,23-12-2025  06:05:40,SUCCESS
4443de37-5a1f-4dd6-be21-c8a01fdea9c0,bkannan@okaxis,3572578593,4048261638,500,29-12-2025  13:30:08,SUCCESS
c9f05437-8a36-48d4-965e-64183747f1b9,anya16@okaxis,1845778403,5306642614,5000,09-02-2026  09:14:13,SUCCESS
5243781c-a1fe-4f63-9ee2-7ab14ee15fc3,aachalsankar@okaxis,148616431,1590911921,5000,30-01-2026  13:53:56,SUCCESS
477e44cb-f636-4fcd-9b0a-a6ba0a15a1d9,ekanshiyengar@okaxis,7439611437,2886079177,500,14-01-2026  06:10:44,SUCCESS
8fbb3f39-d797-4ea1-97ba-a4ae9de95675,iguha@okaxis,2208262573,7208426703,500,04-02-2026  15:41:21,SUCCESS
5e88b688-3729-44d5-bdc4-e39683f2f114,sendominic@okaxis,127969588,2791507925,1000,14-01-2026  06:26:47,SUCCESS
d0130b1b-d52b-4cd7-9e73-b23d80dedc31,iapte@okaxis,368319638,3777460263,1000,03-02-2026  09:57:25,SUCCESS
0ad6e23a-9cdb-4449-a155-32542912e57d,jacobnori@okaxis,4255650856,4841561541,5000,29-12-2025  08:33:32,SUCCESS
3a86a709-4938-4fc6-9f7c-4718cfd94683,daliajatin@okaxis,7263177426,5010462060,500,27-01-2026  22:28:36,SUCCESS
fa9d2568-5e07-4b8a-89ef-bc8d88e92b9b,uchakraborty@okaxis,1237522479,9010744001,2000,09-02-2026  16:26:58,SUCCESS
4604eac0-e287-4421-9ca7-dfc6328ac8a1,jhaverinathaniel@okaxis,2941171283,8585087208,5000,30-12-2025  20:39:57,SUCCESS
9f3829e5-77e5-4d8b-89de-fa32a8e5e5d1,desaivyanjana@okaxis,9061507518,3656018820,1000,27-12-2025  18:25:13,SUCCESS
4c82c97c-be1e-4165-9482-a4ed14b7d74f,wkar@okaxis,3124773816,7733905277,500,13-01-2026  21:12:30,SUCCESS
5ce72483-accb-42be-bcc0-77dbbfe59a6f,ucchalpillai@okaxis,8624160896,3482276608,500,18-12-2025  21:53:04,SUCCESS
c0d7160e-72c3-458b-946a-11b1d973e98a,lsridhar@okaxis,8146735337,4594883499,5000,26-12-2025  16:36:03,SUCCESS
4cde1e28-e786-42a2-a854-623dea8d28ca,tanaybhalla@okaxis,8910659287,5565236387,5000,15-01-2026  17:03:36,SUCCESS
25efc7f1-3bfb-4e48-b69c-7973dcebcead,andrarayaan@okaxis,8839046318,5462502452,500,21-01-2026  12:44:23,SUCCESS
f9f70731-b317-4328-8dbb-c03ae5a83a0e,iaggarwal@okaxis,7673298298,7323605726,1000,02-01-2026  21:19:00,SUCCESS
5267c66f-7f99-4337-bc7d-8c4de6141445,harishgarde@okaxis,4784153151,1444279693,5000,27-01-2026  22:22:11,SUCCESS
f3238b88-4b05-4bdf-8c89-8f516714d27d,baghyawati55@okaxis,6781717373,1788766442,5000,28-01-2026  15:26:41,SUCCESS
3ae644c2-dc09-4313-b47d-3ab36a8096d7,chaitalyrana@okaxis,9562744393,2357068406,500,05-01-2026  17:31:30,SUCCESS
22a20519-96c6-402d-8083-31223aab9bac,bhatnagarlakshit@okaxis,8227093992,7122430089,500,10-01-2026  16:18:17,SUCCESS
2303a3f1-9cc4-4ea2-805d-4b11685d7ca3,christopherlanka@okaxis,4612771855,1627333700,500,31-01-2026  06:24:26,SUCCESS
e7b45a3f-c2bd-4970-a628-3f9707099c0a,bahriviraj@okaxis,6186326061,3976315061,2000,22-01-2026  11:42:07,SUCCESS
33060233-2d6c-455f-a946-d1e4b2d8d028,krish01@okaxis,8962936280,8303792644,5000,25-01-2026  10:11:04,SUCCESS
e59d3359-b27b-4bb5-b013-1e5c7c2e60c9,oviya59@okaxis,878715790,8112293435,5000,06-01-2026  16:28:53,SUCCESS
5d1024e7-97a1-4216-8c32-b04bb5f39bb3,mitaljanuja@okaxis,3241367933,8093384546,1000,15-01-2026  17:49:52,SUCCESS
1ff22e3d-57ab-4e42-acf1-c206af99c4fd,bahadurjit76@okaxis,2131508742,5131707219,5000,09-01-2026  09:20:30,SUCCESS
1bae1f5a-4154-4b8c-81a2-30f91b52450d,zinalbakshi@okaxis,1876049020,2783034104,5000,08-02-2026  06:07:11,SUCCESS
d9bca063-ecee-42a1-94f3-360d34b1a398,matthewkrishna@okaxis,6452968627,1979785044,1000,29-12-2025  20:54:57,SUCCESS
792f72e7-fd32-49e2-aaf9-bce706b2cf09,gaurika23@okaxis,5542296891,1797189943,2000,16-01-2026  16:11:26,SUCCESS
cd4c0801-a245-4926-9fa5-9acee34fe6d6,panini97@okaxis,8131095652,248881356,500,31-12-2025  21:49:16,SUCCESS
887e0d1d-671f-4944-b4f7-8d29cf735a99,pallavishroff@okaxis,895052463,5040099606,5000,18-12-2025  06:49:57,SUCCESS
316b9b8c-f23e-4b6e-87a0-574a435e620a,vinayaratta@okaxis,2353020687,8509783826,5000,23-12-2025  20:07:56,SUCCESS
99046f21-2f83-455e-ad1f-c39de1260104,azadrau@okaxis,4056849962,4544618734,500,19-12-2025  10:57:56,SUCCESS
ea10a5d5-29c1-4701-ae4e-4109b9a19da9,simon59@okaxis,7050538899,7488246148,2000,23-01-2026  15:33:59,SUCCESS
2df3b78c-fda3-49ec-a13a-06b49a797b6a,narangmax@okaxis,6177621849,7115292748,2000,03-02-2026  15:15:55,SUCCESS
831e6928-5e8e-48de-8994-8eba553f7450,kprakash@okaxis,4356522398,2685326976,5000,14-02-2026  09:02:51,SUCCESS
731aaeae-811d-4a6a-ae9b-0eb52f54ee03,aishani50@okaxis,8125011779,972448030,500,25-12-2025  22:04:47,SUCCESS
155bb10e-7e86-4e95-b8be-5766bb3c9c7b,luckythakkar@okaxis,6727425852,5321048925,5000,31-01-2026  18:44:23,SUCCESS
1ded32c9-33ad-466d-8960-24750074ea22,gjha@okaxis,2203300986,2593520763,5000,26-12-2025  17:21:12,SUCCESS
91631dd1-94bd-486d-8584-ec2551585c14,gabrielrandhawa@okaxis,6682836706,3298109968,500,30-01-2026  15:39:56,SUCCESS
aaaf3c7a-1efd-4389-b2b6-61d4506bec27,ydua@okaxis,7467343200,3642348856,2000,14-01-2026  08:23:07,SUCCESS
1465678b-9ed7-4f76-87b7-bbc3db89bdd6,sakshamkeer@okaxis,9615368884,2586617123,5000,19-01-2026  12:56:56,SUCCESS
dac510dc-36a6-4cc8-8f0a-be355dab7fd0,menonimaran@okaxis,4032799558,2233224518,2000,27-01-2026  22:18:47,SUCCESS
1894ad6f-b597-440b-a6fa-c6be4d6a41b2,fitanmemon@okaxis,4306495584,914217933,5000,27-01-2026  17:45:46,SUCCESS
12116b67-4f91-4144-b926-3bb0a98469f4,revahans@okaxis,6202538684,200718125,5000,01-02-2026  17:14:48,SUCCESS
62952d44-08ed-446b-ae76-ed40e9297e3d,jagratijaggi@okaxis,3327379656,3982472012,1000,18-01-2026  17:47:25,SUCCESS
811bbd22-fed9-4ac1-97b8-b21d733f2e25,balasubramanianchristopher@okaxis,9716265090,7968670051,500,02-01-2026  22:12:05,SUCCESS
d1afc709-964b-486a-abe2-bf20f6b506b4,amagar@okaxis,3692978593,6919361557,2000,22-01-2026  12:04:02,SUCCESS
7abf6065-9a1e-4d90-b53f-0b3b93ef063d,oliver52@okaxis,2013494969,5333850250,2000,20-01-2026  17:57:25,SUCCESS
1f9f8681-bb3a-494a-abf7-7a7982c49f75,guneet06@okaxis,5792331108,1513069602,5000,29-12-2025  12:27:58,SUCCESS
93825c46-172c-4c9a-baae-f4405d86dd3d,comarraagini@okaxis,1265642744,2972017701,2000,07-02-2026  06:31:57,SUCCESS
fcfffa80-2c61-4b83-b7e5-f73821db174a,dugalqabil@okaxis,4391000628,1490540561,500,26-12-2025  08:51:53,SUCCESS
f4192002-c971-4609-abaa-b076651dfa9a,naveen53@okaxis,5250774641,8771808813,5000,24-01-2026  22:47:32,SUCCESS
ff3dd947-c8a2-424c-a23c-db8bb141ed82,tarak99@okaxis,9853515780,7050630510,5000,26-01-2026  11:41:42,SUCCESS
5e5dae66-cb3e-4b3e-a681-8d217f155235,yagnesh45@okaxis,2956267594,1769175414,2000,08-01-2026  12:17:16,SUCCESS
a41fef60-c460-4d2f-9d02-c676faf05156,omya80@okaxis,3054354652,8040282373,2000,15-02-2026  09:09:20,SUCCESS
612da48c-9334-4509-8412-0e2ce2f19353,vasatika46@okaxis,8439906417,9603915057,500,13-01-2026  06:44:50,SUCCESS
932a22b5-1159-445b-a979-a3aec6ef1c57,watika75@okaxis,5859387416,795271938,1000,14-01-2026  12:57:38,SUCCESS
a51766e4-1354-435d-9aa5-63b83853b79b,frederickkrishnamurthy@okaxis,4199252561,1631168925,1000,06-02-2026  20:33:54,SUCCESS
aeaca8d4-76de-4904-a1c1-749e1639f6a7,bhavanigola@okaxis,9826552836,1775215082,500,30-01-2026  17:39:15,SUCCESS
6cdcd723-0755-4e6f-9a74-05ce32339a21,grewalzarna@okaxis,801496824,3983933079,5000,02-01-2026  07:51:03,SUCCESS
97ce1cd0-704c-463e-833a-79f4a057b4bc,psawhney@okaxis,4148094949,1812737556,500,22-01-2026  11:11:35,SUCCESS
7e93e02e-a22d-4045-99cd-43651794dd53,yiyer@okaxis,302576530,2895296714,1000,27-12-2025  07:19:40,SUCCESS
f80d2f87-d8b0-490b-acf0-40def821b64d,bosesiddharth@okaxis,7333315280,858435440,1000,29-12-2025  16:01:53,SUCCESS
c3a9e8f2-8fe2-4e59-aa2c-a2a27213beda,wmani@okaxis,6383153450,2707234306,2000,29-01-2026  16:16:58,SUCCESS
90ac8775-1db9-4370-954a-dcd62b1806e5,zprasad@okaxis,68609596,8123995022,5000,05-01-2026  08:16:05,SUCCESS
7e5279bb-4bd9-44cf-8d24-5738996c4cc4,eborra@okaxis,1974632309,6670526124,500,23-12-2025  12:29:50,SUCCESS
e79bc34b-ca72-4e41-92cd-4c5fb1068c81,gopalchaudhry@okaxis,8046764658,1452187464,5000,26-12-2025  16:48:06,SUCCESS
6b30e24d-60e1-404e-9871-6d5b0b346c0c,ojas18@okaxis,1061014540,678111853,2000,01-01-2026  09:20:07,SUCCESS
cd37717f-1e4c-4b7e-928e-8d50b9f19cd2,niteshkari@okaxis,4278890473,9253003696,500,30-12-2025  19:49:37,SUCCESS
7f8d8445-0726-4814-9587-b74c27ae7a2c,avirk@okaxis,3631973490,299907181,500,02-01-2026  20:30:46,SUCCESS
d2419763-3e71-4228-bb9a-caa8807a8eb4,dattayug@okaxis,6971046456,7109035393,500,11-01-2026  09:33:25,SUCCESS
1b0aeaa7-d282-4877-8c51-c6dbaf336bae,mraghavan@okaxis,421457841,798650393,1000,03-02-2026  06:10:18,SUCCESS
8ef9740e-95c1-46c6-8036-4d34f0167d1e,manan73@okaxis,4448273308,1016679836,5000,31-01-2026  06:16:37,SUCCESS
b7f62729-3251-46aa-b03c-83d425d2eba8,badamimeghana@okaxis,4536679594,3202124674,2000,07-01-2026  06:30:12,SUCCESS
48eb6c9f-f5d4-4222-8c75-67dcaf88dc75,norigeorge@okaxis,7116806407,6166174883,1000,06-01-2026  22:56:12,SUCCESS
f12773a8-10a5-485d-9484-0832f4061d1d,neel03@okaxis,8617446813,9391951263,2000,01-01-2026  08:32:37,SUCCESS
d2f3c0c6-b801-4d90-bfef-1ac931de48f5,charles87@okaxis,7059209191,1228736816,1000,07-02-2026  20:12:04,SUCCESS
02c8dc18-68a3-4d29-8136-8f6240fe0abb,ekansh92@okaxis,623118253,6598045820,1000,25-12-2025  18:54:33,SUCCESS
d5550cad-5f12-451e-a9cf-615e5b26aa8f,yagneshdevi@okaxis,137479887,9063785823,5000,31-01-2026  11:19:52,SUCCESS
a67687d1-ec96-460d-b05d-fe390037e0ec,faraj55@okaxis,813509587,7820955592,500,27-12-2025  18:33:59,SUCCESS
b1c6717c-db54-4ed2-b7a6-d40a22bc60f0,sidhuladli@okaxis,1440440568,9459190199,5000,25-12-2025  14:41:45,SUCCESS
3ba79405-841a-4465-9c26-f62563255a85,yohannanupkaar@okaxis,2690561513,7669130450,1000,19-12-2025  14:29:31,SUCCESS
99bd35f0-1d1b-4700-9c40-094a8da10381,ukara@okaxis,3074158391,918675621,1000,11-01-2026  17:54:41,SUCCESS
4b254e28-9fbe-45b5-96f5-a5aaf1e4ad98,michael09@okaxis,8459293520,7538457326,500,02-02-2026  20:42:20,SUCCESS
20c1467b-3613-42a1-b36e-26e25cd2f9d1,george04@okaxis,7493360368,4637627258,5000,16-01-2026  16:45:57,SUCCESS
2bc4de85-7522-4010-8ea1-31cf41e3c32d,zehaan95@okaxis,9811196509,7774866853,2000,11-01-2026  10:10:49,SUCCESS
471c6ebd-fbe3-447c-a3cc-e2e5e13f95c0,pbakshi@okaxis,2317067054,5997276250,2000,04-02-2026  16:09:47,SUCCESS
edaccb02-7154-4249-adc2-70cd8685b2c7,thakurdhriti@okaxis,2798548799,5091290337,5000,02-02-2026  20:37:48,SUCCESS
2bfa2fb4-43f7-48a4-bc8f-034722ee0c23,brijeshdubey@okaxis,3280165174,4075970044,5000,31-01-2026  14:26:24,SUCCESS
5b084b9b-d3c4-4323-9b8d-ced3794d73f4,fkalita@okaxis,6725625900,1268023415,500,07-01-2026  10:58:22,SUCCESS
af828de1-caa1-4b10-b254-0a3a6841d483,cmutti@okaxis,7425612546,1748156331,1000,22-12-2025  10:43:41,SUCCESS
f9465b85-5d6f-42c8-b99e-4540f06820c4,lakshwali@okaxis,9143647137,5936055592,1000,03-01-2026  13:29:58,SUCCESS
b21d9d4b-87f3-46bd-9931-fb3aecab0d37,pandyadhriti@okaxis,7871217752,8336501547,5000,13-02-2026  19:12:09,SUCCESS
c15169c2-9ec0-4510-a18c-07978c925b52,jyoti06@okaxis,3729427622,9349179344,2000,10-01-2026  18:11:39,SUCCESS
4db423dc-8a5c-4208-b6ba-5572f71f3489,singhalyadavi@okaxis,3817686191,4445667630,1000,17-01-2026  12:35:53,SUCCESS
7972c77f-b935-47d9-8cef-9df70e3e1376,pkuruvilla@okaxis,8049054348,3479971887,2000,04-01-2026  17:06:32,SUCCESS
5b520bef-2598-4c93-8037-312474edd816,ubika83@okaxis,4267459163,1051548493,500,25-01-2026  06:24:01,SUCCESS
9e26c290-ad7a-47f8-aa76-61848427f130,dewanrajeshri@okaxis,2358968937,3317089670,1000,19-01-2026  17:16:26,SUCCESS
7f4aceb4-10c7-441c-8a14-af191e8e6bcb,manthan45@okaxis,9228510373,1075722781,1000,10-02-2026  16:41:01,SUCCESS
d5e2e38b-642f-452c-b5cc-cf62ff1b6e89,chakradhar14@okaxis,645558660,8655099631,1000,07-01-2026  10:51:47,SUCCESS
09d133b2-8bc4-49dc-944a-861748bd3edd,pallaaarna@okaxis,978479795,5933784913,5000,05-01-2026  21:13:09,SUCCESS
ff5fd80a-cd28-4ab2-b75c-13eca19ef214,joshuasachar@okaxis,3154891166,6053539312,1000,01-01-2026  10:26:18,SUCCESS
87aea530-d6f2-4f6d-80c2-f952543ab022,owendube@okaxis,8063819324,7692340672,2000,23-12-2025  13:06:23,SUCCESS
2e463276-c008-461e-952c-95c3b68dd4bc,tarakkapur@okaxis,2062384326,6029087266,1000,18-01-2026  09:43:04,SUCCESS
9c4ad0bd-82d9-4442-bd50-5e6ea43e57d6,ayushmanchokshi@okaxis,9345097691,6931670687,500,01-02-2026  13:09:45,SUCCESS
5225a42c-1d8e-4e5d-8bf9-2335c38b257d,dlad@okaxis,4959016923,9533672317,1000,30-01-2026  07:05:24,SUCCESS
c7923d66-9919-431c-9a76-1dab65a67173,rudrathakkar@okaxis,6224908434,1265907344,2000,05-02-2026  11:17:48,SUCCESS
bdf1c8f2-1bde-43f3-a4d6-231e971db990,sanne@okaxis,1432669268,2345750819,5000,09-01-2026  07:23:39,SUCCESS
949dcf86-eb79-4c30-af09-8e958a4257c2,yashodharaparekh@okaxis,3702053919,2169711053,5000,06-01-2026  20:25:48,SUCCESS
821b84c4-d0a9-4fed-9a30-e144e6b2d095,avni91@okaxis,3641493008,9462527977,2000,29-12-2025  08:34:05,SUCCESS
4f3ad971-cfa6-4858-bf9f-3391a14cf0f0,odatta@okaxis,5711198523,9920345002,1000,24-12-2025  10:08:52,SUCCESS
fb61596a-705c-4275-a6a1-6b16ad2e085f,wazir45@okaxis,9396192260,7210851995,5000,25-12-2025  13:17:06,SUCCESS
3b9c8f78-3e2b-46d4-b461-bc016e2dda7e,amruta63@okaxis,5392937365,42563235,500,10-02-2026  07:28:47,SUCCESS
77442f51-60a0-4fef-ac94-64e6b4e0b3f3,ekanigarg@okaxis,1731619904,8443188414,5000,14-01-2026  19:58:05,SUCCESS
ec77f2e8-ca6f-4ff4-a2d4-26ee964a4bcb,kohlisamuel@okaxis,8811581622,1228332561,5000,03-01-2026  20:57:05,SUCCESS
58c07f6e-d3f7-46cc-8059-6f5dd4cb2552,gaurika22@okaxis,3599553351,8525622899,2000,15-01-2026  06:55:09,SUCCESS
bf6268c1-affc-42fe-9c51-3fe20e470538,rayaan95@okaxis,2245208473,8621601851,2000,01-01-2026  21:53:26,SUCCESS
ac9d3341-78ae-435d-a361-7801d3d518d7,voraandrew@okaxis,2419213625,3640242410,2000,05-01-2026  14:34:10,SUCCESS
f61896d4-6983-4524-acbd-24eb35e35b20,balafarhan@okaxis,1605665222,5125463289,500,07-01-2026  08:06:11,SUCCESS
546d39c2-3b64-4899-abb3-cc23901f1729,advaydewan@okaxis,7714865009,5165312331,1000,03-02-2026  21:46:28,SUCCESS
505c9c3d-4057-447b-9399-e5b92056abcf,oliverjaggi@okaxis,7968877375,2076647882,5000,19-01-2026  12:36:39,SUCCESS
ea3e01be-a233-423d-ad7a-4a91aa74045b,tamannatara@okaxis,7791683396,195554933,5000,22-12-2025  10:50:15,SUCCESS
911c8b70-d9b7-4ae6-87ba-6d7f7678fa6f,chameli25@okaxis,3580229964,2579654346,5000,27-01-2026  19:27:35,SUCCESS
94a22204-8415-4b76-852a-ae8198aabe32,prakashxalak@okaxis,1172413067,8531098393,500,09-02-2026  20:21:46,SUCCESS
859a31f6-cde6-4a1b-b715-21803d349227,sakshamtella@okaxis,8786417153,8895529431,1000,29-01-2026  16:20:00,SUCCESS
011f8a7d-6dc7-4f0f-a627-b33067e62942,om81@okaxis,9027323144,7649879428,5000,04-02-2026  21:38:32,SUCCESS
e920f029-194b-494d-9249-15289816f429,banjeetgarg@okaxis,151192145,3740019482,1000,04-01-2026  13:14:40,SUCCESS
ada12b22-41ef-4bec-8185-1e27bc63ece2,maharajnathan@okaxis,9950832900,1131856882,500,31-12-2025  14:36:54,SUCCESS
e69da3c0-3cde-4f18-974a-b1505020500c,anirudhmistry@okaxis,3426214327,2774951507,500,24-01-2026  13:07:08,SUCCESS
8fdb19d4-98db-408d-8f32-03006048ab6b,harish44@okaxis,8069112620,7855361295,5000,03-02-2026  07:43:08,SUCCESS
66f5cb41-27f7-48fa-8d7b-7d99c4a936ff,ytata@okaxis,7021264638,9611904990,500,19-01-2026  22:11:41,SUCCESS
097debd2-d2ff-44e8-bd9a-603ce7449366,xkothari@okaxis,324082216,4530068888,500,27-12-2025  15:00:01,SUCCESS
68235551-8c2b-4a72-a1b7-2b5769ca4374,bishakhacheema@okaxis,1308235192,2422882388,2000,13-02-2026  19:06:25,SUCCESS
c4d43bda-0802-410e-91ba-4e6f31f1060f,watikaramaswamy@okaxis,2002388662,390629982,2000,08-01-2026  09:47:16,SUCCESS
9c9be45e-141f-421b-9fdb-c91f4661a0f2,wbhat@okaxis,4730765051,4357734269,1000,15-02-2026  22:03:16,SUCCESS
aed29aec-2c5a-4894-892f-8343b3ff8723,andrew70@okaxis,8533749864,6629766350,2000,18-12-2025  21:56:32,SUCCESS
aa2861ec-2694-4c6e-bfc1-74b2447b2546,pahal77@okaxis,63170978,5473744900,5000,22-01-2026  06:27:46,SUCCESS
2e3e7c0c-1b41-4bf2-ae26-100ee328831f,harinishukla@okaxis,1090513986,559279086,500,04-02-2026  20:22:54,SUCCESS
3b4b0af9-1be8-4897-946e-c3b0b73438ed,krishnasama@okaxis,6294953109,2644732682,500,15-01-2026  08:40:28,SUCCESS
c9c72bc4-09b5-42b8-9381-0d8348fb34fa,banjeetmaharaj@okaxis,7276613059,5246159322,1000,05-02-2026  18:10:50,SUCCESS
ef1575f3-6c97-4e62-8554-3bfdb5a57256,nidramuni@okaxis,2188654580,98549567,1000,20-01-2026  19:40:06,SUCCESS
ac235aae-bc49-4ac6-be3c-975eed605ac5,mandjacob@okaxis,8470263555,6793382741,2000,08-01-2026  22:15:28,SUCCESS
10e1ebe6-1314-4ba8-b02b-a3f31812e818,mhayre@okaxis,6218715453,1569917540,500,25-12-2025  12:21:56,SUCCESS
8e2e92c5-7d74-4826-85c2-454c969ef125,shivansh43@okaxis,7363323314,3920518608,5000,22-01-2026  21:33:36,SUCCESS
0f28131e-c60b-4b6a-bd96-33df71a9ed72,dahuja@okaxis,1343993161,4924494741,500,20-12-2025  18:52:16,SUCCESS
9d5006d2-4e16-4999-b86a-e3181aab6606,nimrat78@okaxis,6838688986,1250918652,1000,18-01-2026  21:59:09,SUCCESS
97bf3b10-39e7-4609-a781-8ba3e6f7ce14,gunbir59@okaxis,1567261270,1008884387,500,31-01-2026  11:44:11,SUCCESS
810bfda3-c1f2-4c98-865d-9215be27ecbc,girishwarrior@okaxis,287937144,5251985764,500,18-12-2025  20:49:51,SUCCESS
ff89f0b7-3a3f-4c74-b6c3-b54b97b2676d,chandranparmar@okaxis,2315712368,3327669156,500,06-01-2026  16:22:28,SUCCESS
be3b5b5a-44b3-4313-a9ca-ef15f13088ec,fiyazcomar@okaxis,6898238260,7657614401,2000,05-01-2026  12:39:32,SUCCESS
7fb53ca5-93de-4d45-8274-86536bfcaa8b,mitalijhaveri@okaxis,7672515354,5456310881,500,21-12-2025  16:26:56,SUCCESS
