message_id,sender,receiver,timestamp,message_text,deleted_flag,language
f7af412c-dd71-4c48-931a-ba40160d43b5,8898848459,4970189479,11-01-2026  09:47:11,delete kar de,1,Hinglish
60139e50-73ad-49ca-8f44-17c04c5b6b43,4058133062,5831005453,22-12-2025  18:23:40,amount bhej fast,1,Hinglish
23ae5626-1380-4afd-b4ab-75bd323e7bdd,3087616264,9707493,25-01-2026  12:18:48,Payment received successfully.,1,English
1403eca5-9aa6-427a-be7f-f86d6867c93e,9508324921,3773334760,17-01-2026  18:35:27,Meeting tomorrow at 10 AM.,1,English
27a7ef9d-3047-4d1f-8bba-28107cafd41c,2064130621,3606106672,23-01-2026  11:37:50,Payment received successfully.,0,English
299a488c-53e9-4ecb-a94b-811aef155d38,8226085509,2045290924,20-12-2025  07:07:09,Meeting tomorrow at 10 AM.,0,English
f46970e8-2317-4faf-a7ab-0f7d156f1e40,1589685340,7382729948,10-02-2026  08:14:42,Payment received successfully.,1,English
e6fc5aef-c613-406a-a929-7f3de2d99b2b,4218505855,8746329666,04-02-2026  07:08:29,Check and confirm.,0,English
d8db111a-0ced-4edf-ba82-173a48135bf2,2290442047,7574821132,20-12-2025  21:49:44,Let us discuss the plan.,1,English
57a255d9-3f7f-456f-a4d1-f8c157387889,8735288856,5891942796,27-12-2025  08:54:47,kaam ho gaya kya,0,Hinglish
59ae6d6b-752a-4cd6-b4dc-1284b3a4ce31,1542925045,6002458811,20-01-2026  10:59:33,Meeting tomorrow at 10 AM.,1,English
9f38ad59-c87f-4303-9671-339ce76d28dc,5947724514,6476779601,21-12-2025  14:23:35,Please call me when free.,1,English
d9fc3a49-2e25-4d62-a2ea-8c395cf33322,1797008823,5448843623,27-01-2026  19:30:30,Check and confirm.,1,English
8ec1814b-a7e9-43f9-a08b-6dd69719647c,4896361715,8994922722,22-01-2026  13:46:54,amount bhej fast,1,Hinglish
70b3c5db-2d6a-4156-be63-763ecd732903,7134615811,2982464497,14-02-2026  08:46:06,Meeting tomorrow at 10 AM.,1,English
8ff5d683-5b01-460e-ac33-bf0dff1761ee,968272316,8872229930,24-12-2025  14:37:07,Meeting tomorrow at 10 AM.,0,English
be467f3a-853b-4ad8-8f43-0427f8b29a2a,7322308715,8129395587,03-01-2026  18:27:48,Check and confirm.,1,English
146d9ae0-4749-4adf-86c1-97f4afffd48c,2534023225,7750307453,30-01-2026  13:56:39,Let us discuss the plan.,1,English
b81bc3b8-13cd-4eb4-ad1a-f6582e694e31,7974010156,3955054350,20-12-2025  08:31:45,Check and confirm.,1,English
91358b11-bb9a-4895-bbf5-7a6eef88d6c4,4716339780,677728687,07-01-2026  09:06:09,Let us discuss the plan.,1,English
3916d6c5-30d9-474c-ac07-2742bdc37937,6326322646,2499546115,31-12-2025  21:06:42,Check and confirm.,0,English
174e37ea-a290-47e4-9ffd-64db889c0214,8462205638,4927764698,20-12-2025  14:53:54,Check and confirm.,1,English
f0f9a8d7-7545-4672-8240-c097123e6027,6370525700,9395450384,27-01-2026  07:33:46,confirm kar,0,Hinglish
c78c111f-bb08-4139-9a29-4a3199497c40,5190130487,2644687262,07-01-2026  20:16:26,Check and confirm.,1,English
a903f4d3-8f25-43c2-b800-6b7970d8d814,2749699488,6067700236,08-02-2026  06:16:54,Meeting tomorrow at 10 AM.,0,English
930ff1ad-6ed8-4ef6-936d-8c3cb331b80e,5070299737,2766844855,27-12-2025  21:41:48,Payment received successfully.,0,English
0f670ebd-a2da-42d5-a404-a6232b195614,6259607823,5311211613,13-01-2026  14:24:48,Meeting tomorrow at 10 AM.,0,English
80285701-fe11-461c-9d6e-9c44d197b130,7762020720,451277473,14-01-2026  14:17:16,Meeting tomorrow at 10 AM.,0,English
bb294b21-9632-4468-b6c1-eb71cc227c24,2019456724,1505831544,24-12-2025  16:50:15,raat ko transfer kar,1,Hinglish
1be1587d-5e13-4571-b51e-86c4c1ff76f6,7225109228,1617751245,07-02-2026  22:43:33,Check and confirm.,1,English
82d2bd49-a26b-4af9-a2d2-a55ce340b337,1524266414,4348413481,20-12-2025  22:03:04,Let us discuss the plan.,0,English
7b96412d-759f-4c4c-863e-fb09fc4a6a0b,7745515944,4249180043,05-02-2026  07:07:01,Let us discuss the plan.,0,English
2fc5bff8-69ec-49b9-a2f5-51da68bb83e9,8339227197,9770002208,09-02-2026  11:46:16,Meeting tomorrow at 10 AM.,1,English
ad758398-78c5-47e9-9f95-0db1b0eecebd,4312883576,9570619865,04-01-2026  07:40:55,Meeting tomorrow at 10 AM.,1,English
3f9b11a2-5ea3-45f4-9ed4-dcc108a76292,1920838802,5295525908,08-02-2026  21:59:42,Let us discuss the plan.,1,English
7a59302e-d166-44a0-8823-bd3bbb8a6bc2,7453901394,3255642576,26-12-2025  20:31:23,Let us discuss the plan.,0,English
af08bb86-9d96-458a-9dc9-a574fbc6d744,1903637771,5707002941,02-01-2026  10:31:55,Check and confirm.,0,English
e62d8905-f101-477d-8c7c-c05ff3015d4c,1916668981,4619562145,17-01-2026  06:28:34,delete kar de,0,Hinglish
e745bbc9-f142-4378-baa2-0f201ec0f72b,2682944453,7398931516,05-02-2026  07:47:27,Payment received successfully.,0,English
7e8a2c3e-c027-4738-835c-36b0bd2f4cb7,1308663356,7839000179,23-01-2026  13:49:14,Please call me when free.,0,English
874dab68-086b-4930-bdf5-b13eb4e66671,9414454060,9375649655,14-02-2026  17:57:50,Please call me when free.,0,English
7753e17f-1559-424f-9797-cefcae9c6f20,3413356590,3524687561,20-01-2026  19:09:28,Payment received successfully.,1,English
1475e236-88c8-41aa-8f96-810e9c0b034c,3398121124,6263600769,08-01-2026  12:48:36,Check and confirm.,0,English
2b863f97-2792-4b32-82f2-925ff1a5cd1b,4915147264,8050001723,02-02-2026  08:02:11,Let us discuss the plan.,1,English
3592b894-ee36-4b60-8743-7119b7c07f94,8353774100,7295206303,15-01-2026  21:23:52,Meeting tomorrow at 10 AM.,1,English
dcb9f29a-534c-4ab7-97ba-40109472960f,4244628719,7860511901,10-01-2026  11:42:00,Check and confirm.,1,English
ad88f9a9-0426-47af-9114-cb0448a77563,4434626483,2632692539,28-01-2026  07:54:25,Please call me when free.,0,English
8b6648bf-deb7-4f6f-b1fe-061d09f60037,9512942024,9578851026,13-02-2026  21:34:48,Check and confirm.,1,English
9b244ba2-82e3-46ac-9fde-06ea4d624ec6,9263206459,5005390008,15-02-2026  22:01:33,Please call me when free.,1,English
74db30d2-047e-4ec8-bdc2-d48d6c81ff97,3170307279,7829944887,12-01-2026  18:48:31,Let us discuss the plan.,1,English
4c9bc19c-ff2b-4111-83a8-c196b3ff8561,221379124,4855078507,16-01-2026  14:10:27,Check and confirm.,0,English
4543e5fb-befb-4137-b868-e3c27f698560,3820735977,5362059821,15-01-2026  17:00:20,amount bhej fast,1,Hinglish
0683acf4-81ac-427e-8403-93e6d4ee8ff6,1989442944,3957239113,22-12-2025  07:26:57,Let us discuss the plan.,0,English
17bf7732-ab1e-4209-9bb1-4198e2310e79,3283696304,5262989739,15-02-2026  21:55:45,kaam ho gaya kya,1,Hinglish
f30e51cf-e0a1-4a45-b070-8c5dea69dfca,6984706622,5498328115,20-01-2026  10:58:51,confirm kar,0,Hinglish
86c7461e-e356-44e0-803b-5c2bc1ee4d0d,1736044862,1640131791,12-02-2026  21:43:17,Please call me when free.,1,English
25e03af0-7f7f-47db-9859-28344e3fefaa,3203763406,1835329215,04-02-2026  06:17:29,Check and confirm.,1,English
892e0f88-1551-4880-8091-8ef6b10ec86c,3727221718,9827969860,19-12-2025  19:20:43,amount bhej fast,0,Hinglish
37d669d1-05bb-4c9b-a125-8edc329f8e2b,6369923432,9850906094,14-02-2026  19:25:32,confirm kar,1,Hinglish
0e9fee16-e338-4b17-bbc2-edc68d60d777,1921750268,2474919207,21-01-2026  07:40:42,delete kar de,1,Hinglish
0a72c5ae-0544-4c24-a1b8-41d434d508b8,8922338461,3086725481,22-12-2025  19:14:05,confirm kar,0,Hinglish
03e5c322-e1ef-4f5c-8270-5a12bc0d3b82,3455905550,6256718774,29-01-2026  18:37:18,amount bhej fast,0,Hinglish
09dad557-fff4-495f-8bab-ffeca28ea8b1,7245391031,2976163024,21-01-2026  06:29:09,amount bhej fast,0,Hinglish
5be3adf8-ba23-48a7-accf-489e154bf30f,8209514458,9582206713,05-02-2026  16:52:39,Check and confirm.,1,English
4faa5f5c-db1d-4434-a8a8-b9c8cc1bd3c3,7604235898,5092700014,27-01-2026  13:34:53,Check and confirm.,0,English
5af0116b-693a-46fb-9bd9-b6fe1a49dda9,3325181744,5882221017,05-01-2026  10:15:47,Please call me when free.,1,English
9764ed06-130c-4401-a040-b8c278a01cea,4462972381,2580912681,22-12-2025  07:06:39,Check and confirm.,1,English
60a380a8-0295-4b79-985b-511441af2410,7074226872,1594906958,08-02-2026  09:36:36,amount bhej fast,0,Hinglish
4ef03d75-0da5-44ef-a0ca-179c13fc1456,6181155736,7200742904,23-12-2025  13:28:16,Payment received successfully.,0,English
32f6a946-ae29-4277-80d6-43d93a03e06e,5892390817,779143575,04-02-2026  20:37:44,Please call me when free.,0,English
921e9d96-ab35-458e-ba7a-dbad1cfac350,6006070443,3140968750,06-01-2026  08:34:02,Payment received successfully.,1,English
1ce2fd37-212c-4789-9915-b99d0c5a1227,145835778,5673851422,06-02-2026  19:34:18,Please call me when free.,0,English
81bd7a99-6dcc-47ae-ab93-85b6df481226,7191387805,9240067202,04-01-2026  20:32:58,Let us discuss the plan.,0,English
c6010cd8-ba17-44bb-bdaa-043a48f8d810,1955681249,9832911596,12-02-2026  18:55:47,Please call me when free.,1,English
9654d285-03f6-44f5-897d-d8fb95b70ecc,522821573,8619203063,23-12-2025  17:14:44,raat ko transfer kar,1,Hinglish
7b590652-20ce-405c-9b08-9e9e3a1f41f4,1205831312,6690878954,03-02-2026  20:51:22,confirm kar,1,Hinglish
9b68acf9-8610-4141-94cc-882fa06948af,4051979193,9074471793,31-01-2026  19:38:33,Let us discuss the plan.,1,English
20eb5ff8-b22a-466c-b33d-5d872d8282a9,2028327515,5392288997,11-01-2026  18:32:41,confirm kar,1,Hinglish
2ba266df-0669-42a0-93ea-d131067d991e,1917417258,4507109509,27-12-2025  10:43:24,confirm kar,1,Hinglish
46a129b8-ba81-41c3-9b13-02616154910e,9614635422,3787069267,31-12-2025  18:27:25,confirm kar,1,Hinglish
c9cb708e-d35f-4aba-ad14-e08e8830684b,3974240992,5505500141,02-01-2026  09:22:29,Let us discuss the plan.,1,English
3429cafe-3c96-48c0-bae4-43a8ac2a8fda,4701522439,5645759726,15-01-2026  10:15:06,confirm kar,1,Hinglish
7fc8eedc-f852-40c4-bba5-52f33dbef4b1,1967543827,1378284939,25-12-2025  22:12:29,raat ko transfer kar,0,Hinglish
11655a9c-ef4b-477f-8afe-70be1902c26e,6692674484,7737739509,30-01-2026  15:24:07,Please call me when free.,0,English
eda6ed72-9a59-4ae6-b9ed-55e62476ba1f,8187536304,5388261621,31-12-2025  07:57:56,kaam ho gaya kya,1,Hinglish
5bbca3a5-9cc1-4264-b50d-794c1e8f25ee,509104796,7198786408,04-02-2026  14:15:07,Let us discuss the plan.,1,English
c72e1a3a-1b21-4674-8037-26c1c90b086c,2953349681,5433941613,06-01-2026  17:27:01,Let us discuss the plan.,1,English
2072e779-aa93-46be-8673-b87c8065be33,3220196708,9038242984,05-01-2026  16:57:48,Meeting tomorrow at 10 AM.,0,English
62564ef4-9876-4ded-86d5-ddf946c29ea3,1615686170,6816951991,20-12-2025  08:55:28,Let us discuss the plan.,0,English
359649d4-e3ea-4956-ae0f-e7ff445d8e81,5355187701,6016005698,21-12-2025  13:17:21,Let us discuss the plan.,0,English
d02547c1-abc4-4ed2-9a56-35e0d98a0345,9139758927,4843566487,10-01-2026  19:35:54,Meeting tomorrow at 10 AM.,1,English
e3503967-bcde-463b-a01d-9ca0a4ac3d5f,1128079465,8767316502,04-02-2026  12:44:07,kaam ho gaya kya,1,Hinglish
dd65f054-edc3-4597-8992-4089423c75e4,9582921957,5291498348,11-01-2026  21:39:52,confirm kar,0,Hinglish
3a71eb99-18d9-4d8c-b0cc-bcf6cabeda50,8292935085,4313215860,22-12-2025  09:03:25,Check and confirm.,1,English
1490d4d3-96ea-425b-82f4-8fe9e39f4314,3702038280,5396760184,18-01-2026  06:52:44,Let us discuss the plan.,1,English
84e6bd93-d612-435c-b6ca-5dc7ee26f6b9,7564095004,9954353795,29-12-2025  15:13:45,Payment received successfully.,0,English
76e3c1ba-9ce6-4906-885b-1d841284a181,694736651,9539883816,03-02-2026  10:03:20,Please call me when free.,0,English
85bc1095-77ca-4cf4-9213-edb063d18522,7950379359,3360581977,30-12-2025  15:33:59,Payment received successfully.,1,English
85af3328-18d9-485b-b414-53a13f5ad170,7168928095,5649177567,22-01-2026  18:44:22,Payment received successfully.,0,English
5df463d5-b572-4fd6-af4a-33edab8e7be6,1586513828,3642728498,22-01-2026  11:59:51,confirm kar,1,Hinglish
4d436b2a-357f-4951-b285-e3c322daebda,280343690,7770645454,15-01-2026  22:11:07,Payment received successfully.,1,English
3b70a70a-cfab-45e7-8945-0e348f43d057,4574799507,7804096015,15-02-2026  21:10:01,Please call me when free.,1,English
968ba183-6741-417c-a1a7-0e90d1a0e64d,8011491795,4556158311,12-02-2026  22:34:44,Check and confirm.,1,English
d8d09187-e90a-4a77-9b5b-15f68a3bed88,2995875548,5910400216,10-02-2026  11:09:37,Please call me when free.,1,English
124a2e76-c0b7-4307-afaf-b7698ab51c3b,7711497979,3413595719,23-01-2026  13:34:28,confirm kar,1,Hinglish
7b54845d-55ad-4721-ab67-8908ae297bd7,3735072049,9377011290,04-01-2026  12:32:33,Let us discuss the plan.,1,English
64eda976-aae9-4fa0-b7a2-c13e243e92dc,6606798119,3641376085,20-12-2025  13:02:20,kaam ho gaya kya,0,Hinglish
599638d4-03d5-47ea-adac-0906a71a6599,7379838805,5162936702,15-01-2026  13:29:37,delete kar de,0,Hinglish
9870072f-9922-46a4-a2ce-b1b8a85ee85d,1089498677,1259984434,24-12-2025  18:10:47,Check and confirm.,0,English
64658735-8154-4432-9327-b41b81cb05f7,3636892245,3644391719,22-01-2026  22:02:56,Payment received successfully.,1,English
70c0517a-55d9-4886-932c-eebc83ac1236,797509638,5057116302,17-01-2026  21:50:57,kaam ho gaya kya,0,Hinglish
286323b8-6abb-4c33-a2ba-67a3329175d6,3151599717,3324220163,02-02-2026  10:23:45,Let us discuss the plan.,1,English
90c39cdd-079f-47a0-9e00-4f75d4535181,5151270344,313030499,04-02-2026  18:31:53,Let us discuss the plan.,0,English
0297024c-b93e-4ec8-bec2-f23717c5d2fe,9704355665,5806395747,29-01-2026  06:11:59,Meeting tomorrow at 10 AM.,1,English
67f869aa-bcc7-4e61-a525-822b25c52e9f,7618980697,2416162655,10-01-2026  19:21:14,amount bhej fast,0,Hinglish
cb91ab01-92b6-4d03-ad0a-3633e802b109,2090559401,7095027525,14-02-2026  11:15:36,delete kar de,0,Hinglish
48d93280-7646-4119-a83b-9a9881fba839,9008417095,712393729,06-02-2026  14:08:34,Check and confirm.,1,English
3d9df059-5038-406b-b3c0-79dc405a7f57,7102120962,5781759489,16-01-2026  09:03:49,Please call me when free.,1,English
7cba8b86-f988-4d21-9ef5-45b0bab35647,7822959321,6764415990,21-01-2026  08:18:08,Check and confirm.,0,English
2f23808c-4975-4b86-a233-89f1f7233311,3840513429,8900776099,29-12-2025  14:35:41,confirm kar,1,Hinglish
2677b23f-780d-4bd2-8a36-37bd13d93941,4484858077,1801422656,21-01-2026  13:10:33,delete kar de,0,Hinglish
7d8dc99d-890b-47c9-a35b-a6a4ca616dc7,6261404757,1763987818,11-01-2026  06:39:18,Payment received successfully.,0,English
eb866ff2-ed39-44d9-a2d1-b9ad3eafb029,8118728054,369433385,14-02-2026  22:26:44,Let us discuss the plan.,0,English
7c80224a-8f23-4fc4-a69d-5f7f5eb2868c,9823521998,6255287138,06-01-2026  21:05:17,Meeting tomorrow at 10 AM.,1,English
033978b5-5ec1-404f-bbfe-e6dc4afc00c5,4305706607,801383010,03-02-2026  08:43:01,Meeting tomorrow at 10 AM.,0,English
f5dfc018-8e02-4247-8162-25f54af7b467,3662012717,9741954811,25-12-2025  08:06:07,delete kar de,1,Hinglish
7546b1a8-9cec-4aa9-89c8-c5c5fa2c3ae9,7700032756,702184574,26-01-2026  11:23:02,delete kar de,0,Hinglish
047eefdd-d3f0-425e-9d3f-af4de861c371,8672406239,2473430006,25-12-2025  12:06:01,Meeting tomorrow at 10 AM.,1,English
f9b7759b-0a48-4349-b8bf-1cfd6e6548ba,966242808,4639363148,05-01-2026  07:22:09,Check and confirm.,1,English
ba438ebf-47ec-46de-be01-d534ebe9ebaf,6555846214,289655544,10-02-2026  13:30:40,delete kar de,0,Hinglish
2d4a3cb2-7e0e-4007-b3a2-d8c7324d5a3b,9160313925,7512298710,08-01-2026  07:57:35,Let us discuss the plan.,0,English
ca834cc4-8cca-42d1-b4f7-554bb9301faf,4815942940,4543522725,12-01-2026  11:04:48,Let us discuss the plan.,1,English
a7a22098-fc75-49a9-9809-0e048779e3b7,3748246745,2674506342,30-12-2025  07:00:45,Please call me when free.,1,English
7a80a2d7-7441-480e-bc96-4ed14c4c6f36,5989933688,4128155257,21-12-2025  15:09:29,Payment received successfully.,0,English
aeb7654c-2b1a-4690-b98b-0a3389528b8d,2760262740,8708363277,04-02-2026  19:01:54,Payment received successfully.,0,English
c2996d9e-e26d-4be0-af70-deabc787840b,9610619575,3516022710,13-02-2026  22:12:38,Payment received successfully.,0,English
8bd43151-13e5-4499-9356-f30a41191afc,212235478,4523472980,10-01-2026  13:40:44,Payment received successfully.,1,English
f38f5ece-f4fa-4816-865e-e95518ce7ba4,4714719954,1602836226,26-01-2026  15:54:41,Please call me when free.,0,English
f2aad560-8f94-444e-8490-6b4d10c4eb05,8088983962,755747391,21-12-2025  19:04:37,Payment received successfully.,0,English
9230c5ea-739c-4a2a-b101-3eedc6b15e8d,8342177135,5764624184,09-01-2026  14:11:14,Meeting tomorrow at 10 AM.,1,English
e0638f06-9fcb-4ab6-97ff-5be7461fcd28,413902616,6696126551,19-12-2025  07:07:50,Check and confirm.,1,English
cc2c71c8-4160-4c50-ad38-182284340902,9525861172,8317474717,17-01-2026  19:45:43,Meeting tomorrow at 10 AM.,1,English
d7cdb266-7e7a-4433-aef1-4f172ac7c8ff,8392858902,2800003846,19-12-2025  11:25:17,Let us discuss the plan.,0,English
515b1d86-7369-49bc-80e1-51fee542d413,450331342,9810156933,12-02-2026  16:20:02,Meeting tomorrow at 10 AM.,1,English
9a6ed689-1ded-454d-a2d9-79aca313ced5,8357312631,9277929320,18-01-2026  07:13:55,Payment received successfully.,1,English
70251a9f-13ce-4c30-8691-f200e31447d9,8136861646,8211950571,21-01-2026  12:42:05,Please call me when free.,0,English
e18cc0ab-35f7-4d0f-8320-7b2c60d7f316,4522005911,6474720308,01-01-2026  17:49:38,confirm kar,0,Hinglish
ae4b3332-f91d-43d5-872b-297ede619201,3925090482,468296885,02-02-2026  11:10:46,Please call me when free.,0,English
fe1f8052-000c-41d5-90aa-f63d6cbc8d8e,6365958644,95232272,11-01-2026  07:29:27,raat ko transfer kar,0,Hinglish
12720e7f-97aa-486b-9ce2-5f1b33dc2e54,5910927045,551862581,05-02-2026  11:10:44,Meeting tomorrow at 10 AM.,0,English
712be112-417c-49a7-9451-fdac51edcbbc,308773837,2261551827,01-01-2026  09:12:48,Let us discuss the plan.,0,English
3bf152ab-9099-4d70-ab66-91b18ca4800e,6129449475,2544679003,17-01-2026  07:45:45,Let us discuss the plan.,0,English
53074e5c-d743-4888-a5d2-21c50ab59d40,9721801742,6586713060,27-12-2025  17:06:53,Please call me when free.,1,English
bcc3305f-7729-40ec-ac63-10bc4ddbc032,3483114821,3028371133,29-01-2026  13:36:49,Please call me when free.,0,English
6d3c4669-ee8d-4201-98f8-da5ca9715667,6496969792,8446509999,02-01-2026  15:04:30,Let us discuss the plan.,1,English
562e780c-68ba-403d-a94c-cc548d269405,7843398123,4776707873,30-12-2025  12:37:28,raat ko transfer kar,0,Hinglish
9eaf5c6c-f934-4962-bbde-6ec5e931fa2e,5338762516,8343471452,16-01-2026  16:13:11,Payment received successfully.,0,English
3fc7c104-9a79-4ef9-bc6a-e244df6c360c,8286143940,8133524316,21-12-2025  08:02:34,Check and confirm.,1,English
bace548e-0184-48ee-8ed0-dd9ae64d7817,7470273356,7616541929,27-12-2025  18:22:01,Let us discuss the plan.,0,English
d5660240-03bc-494e-8489-25ec240906f5,9420369465,8369536149,04-01-2026  14:54:06,Please call me when free.,1,English
276a5284-5625-4362-abaa-85481e873970,8424934146,5765448760,18-01-2026  21:35:33,Meeting tomorrow at 10 AM.,0,English
ef3629ff-2863-489d-9b14-9f8a5f3f4030,540458714,540473750,08-01-2026  22:21:04,kaam ho gaya kya,1,Hinglish
bb56e46d-b9db-43c0-98b8-2cdbea48bd42,636590381,462170352,01-01-2026  06:36:31,Let us discuss the plan.,0,English
8fa15892-ba6c-433d-a519-f95e58cf069b,2804603290,9151704569,16-01-2026  17:32:00,Check and confirm.,0,English
d44850f0-71a4-42b4-b921-f8a25c8ce659,3557680475,3606900757,26-12-2025  21:40:47,Let us discuss the plan.,1,English
c48b70fc-5df0-4f64-8a37-55c09eef64d6,6698858750,5170497469,13-01-2026  14:29:47,delete kar de,0,Hinglish
a29a7548-c319-4500-9ec9-76d7e5f2ed49,619539921,1948793049,29-12-2025  22:27:19,Let us discuss the plan.,0,English
ea6fda5b-2cc6-485f-ac20-5433b09179b5,549967743,5095374473,27-01-2026  21:39:07,confirm kar,1,Hinglish
6b566248-b13b-4a06-9b2a-8d396df9dddf,7364144527,313742231,07-01-2026  14:13:23,Let us discuss the plan.,0,English
1615b352-2f6e-4c38-812c-c9cbf1fecc7e,2923503525,5127695928,22-12-2025  15:33:22,Payment received successfully.,0,English
fdc89883-43f2-47a5-882f-51ff1127fe38,9203820140,1557637571,29-12-2025  16:21:10,Meeting tomorrow at 10 AM.,1,English
0916c4ae-2a3e-4718-a4b8-e374d1e41656,4885726460,7878267698,19-12-2025  08:29:31,Please call me when free.,0,English
4e710029-db40-4cbd-9299-36de1f38a3cb,3740960642,5444830481,23-12-2025  10:55:40,Please call me when free.,0,English
bfe0d75f-250b-4c94-9a65-50a8780b456f,7230360243,7072200122,05-02-2026  08:14:29,Please call me when free.,0,English
58a373ea-21d4-47ff-85e6-20ddad194dce,3758768510,5772855384,27-01-2026  09:17:26,Payment received successfully.,1,English
8679ef70-9b0c-4c04-9f97-5032e256a31b,4756976552,2201712690,12-02-2026  10:31:14,kaam ho gaya kya,0,Hinglish
ee0b43f2-0907-47f8-be7e-b3cdfc9dfb98,5550969576,5306176701,26-12-2025  14:16:43,Please call me when free.,1,English
465d5f1d-b414-434c-8c3a-963f83bf55cc,9935195176,8972550322,02-01-2026  13:19:18,Let us discuss the plan.,1,English
93c64f67-6682-437c-af0a-e3fd2342f2f9,7232092968,4628464153,05-02-2026  17:46:36,Payment received successfully.,1,English
c7df4021-1143-4c6e-9e01-49ba246e8f70,6329827590,3430307700,10-02-2026  20:38:58,Meeting tomorrow at 10 AM.,1,English
8130d02a-b03d-4817-8ff8-9810993b0ca7,2925618554,36368828,24-12-2025  18:24:03,amount bhej fast,1,Hinglish
a04078ca-3c47-4375-acf1-deae17fb0cc6,1088051434,8502406822,30-12-2025  19:48:53,Payment received successfully.,1,English
66162f38-619f-4aa2-a68f-2aa02c98cdb8,6668553059,6357683288,30-01-2026  14:53:47,Let us discuss the plan.,1,English
6cf44d24-6e56-4160-8923-ba08d5e4e6ff,6332520905,7905139607,25-01-2026  22:12:46,Payment received successfully.,0,English
f41ed54a-af2b-45bc-84a9-43db5ef96782,8874658439,9260949152,09-02-2026  09:09:21,Meeting tomorrow at 10 AM.,0,English
fad2ec80-b673-4610-a2ae-eddc4ed31fc5,8487264597,8584124399,05-01-2026  14:42:42,raat ko transfer kar,1,Hinglish
3ba114ba-eab0-4929-be02-2448dd4c93b9,4551761996,5319961340,21-01-2026  11:35:00,Check and confirm.,0,English
c92631a7-6c79-4022-be7e-1c31c13dc0a9,4955497517,481136993,25-12-2025  10:40:38,Meeting tomorrow at 10 AM.,1,English
05b5e6f0-eb6e-4809-914b-c645d01a9de3,1890211804,2498499219,04-01-2026  20:11:23,Let us discuss the plan.,1,English
badf11da-433c-477f-bebe-50704be96e90,7945130179,7457801729,04-02-2026  22:19:45,Check and confirm.,1,English
8dc50616-8b0d-4c62-8ac1-095a30f315f9,8071428709,9688265546,15-02-2026  09:11:59,kaam ho gaya kya,0,Hinglish
720a3581-4889-4f0f-9529-380ac14e3607,6514435074,7417124646,29-12-2025  20:09:35,Check and confirm.,1,English
6fee0171-49bf-4740-933a-42208b80d4bc,5379486807,2413187624,30-12-2025  17:40:45,Please call me when free.,0,English
66402313-4749-4e59-92b0-cdd91da19913,3499690348,4101283019,31-12-2025  17:01:53,Meeting tomorrow at 10 AM.,1,English
7f7ffdf8-0f94-4ec9-866e-08da842d4d19,4778458152,8814100250,05-01-2026  10:28:53,Please call me when free.,0,English
9b4f934a-8154-4534-a924-a23f74efd71c,3587776378,4498801314,06-01-2026  20:25:48,Please call me when free.,1,English
2fdffda6-0821-43d3-adc1-4113c4e0e7e5,8657656824,7809988669,04-01-2026  11:07:21,Please call me when free.,0,English
3b51bfc2-5c8d-4a7b-8a6f-fa76f67d03de,7431697071,1287708677,30-12-2025  19:21:13,Check and confirm.,1,English
6a845abf-9943-4111-a3d5-4fc0e740cff4,6652554813,699856381,09-01-2026  21:06:35,Payment received successfully.,0,English
4c98d4c0-b767-42cf-a883-d12338893615,5351399744,2271880012,29-01-2026  07:57:41,Payment received successfully.,0,English
9ae85370-faac-4d9b-9e8c-8ea81edb4ad4,4868940643,119630155,28-12-2025  17:30:50,Let us discuss the plan.,1,English
94d59437-0ac9-412a-8e7e-7d95421b58f7,6717079070,6580514726,21-12-2025  15:41:18,Payment received successfully.,1,English
03d25532-44da-4dd2-9a3f-320379b3c275,8842367709,4447859347,26-12-2025  06:03:42,Let us discuss the plan.,0,English
784428e6-0b5a-4be3-8867-c44f4a0ccad0,1303308026,9354367329,26-12-2025  20:56:43,kaam ho gaya kya,0,Hinglish
8a61262f-86c5-4085-93e1-295cf88aabd9,4301794616,7327345873,10-01-2026  17:17:12,Let us discuss the plan.,0,English
23afd4dd-75be-477f-b2e7-7d9c704954f0,8670778798,8481785323,25-12-2025  19:08:55,Check and confirm.,0,English
e99954f8-4869-4e4f-88c0-c086fcd4efdf,6740942405,5764969398,21-01-2026  19:04:36,Let us discuss the plan.,0,English
68af8862-01c9-448a-8ffb-0945593be110,8707261330,2686100992,29-12-2025  09:52:54,Payment received successfully.,1,English
b3ca2a15-c69d-44f1-9c95-ea9a20539252,9860229562,9648839091,22-12-2025  07:36:19,delete kar de,0,Hinglish
8777756c-a843-430c-b8ce-93b757e696c3,3748120959,5806925690,06-02-2026  08:11:32,Meeting tomorrow at 10 AM.,1,English
0c9f9229-3a2d-4b63-bf1e-5b2a072aa766,8131410527,4926719071,15-01-2026  13:20:17,Let us discuss the plan.,1,English
38db1878-3c9c-4ce0-8b2b-ac07fa8e6b2d,3290464996,5904608995,12-01-2026  08:25:52,Let us discuss the plan.,1,English
afc2f854-6401-4cdf-9ae2-6d4ef1fdd947,8919103973,7991304357,09-02-2026  13:00:18,Meeting tomorrow at 10 AM.,0,English
a0ea8ea6-16d8-463b-b6a1-3175e1df8db5,4120639282,1619467226,02-02-2026  09:03:33,Payment received successfully.,1,English
02d977a4-f5b0-4364-b323-06203651b72d,7970678195,9046969685,13-02-2026  19:58:23,Payment received successfully.,0,English
187d005f-b3f6-493d-b6cf-3dbf352e9f8d,9398071012,6594227140,12-02-2026  19:56:38,Let us discuss the plan.,1,English
d9a13b48-17dd-43da-ad42-fc71ff318169,6931040920,3766114465,12-01-2026  11:19:02,Let us discuss the plan.,0,English
38443094-2558-4817-9dbf-c5f55101b6e8,5889520864,8705591517,26-12-2025  17:21:10,Please call me when free.,0,English
75a51cfa-20c7-4218-a4d8-2a09b59f12ba,1080874277,1733636791,30-12-2025  08:35:53,Please call me when free.,0,English
a008e4bf-8a3d-492f-aa4e-6d3a9c0655e7,9014949756,5118031377,14-01-2026  13:16:25,confirm kar,1,Hinglish
d599a1c7-39f4-40c4-a77f-c601f5c4336d,4226054942,1868772600,25-12-2025  16:52:33,amount bhej fast,0,Hinglish
589327fe-058c-4e1c-a13d-fd3ab5cb08df,3682039326,5785783019,07-01-2026  09:29:06,Check and confirm.,1,English
fa63385c-b664-4c02-bc2e-d0fed0b38c40,4976366977,8563826048,27-12-2025  15:32:05,kaam ho gaya kya,0,Hinglish
3336d566-3723-4bff-8a6d-9a35b12c00f0,6800174046,8738918176,08-02-2026  17:00:05,Payment received successfully.,1,English
86d9356a-e6fa-4187-a841-05bc3114762b,642439493,7915271691,04-02-2026  15:17:55,Let us discuss the plan.,1,English
807916f2-e2ac-4133-9986-4869a3f4c45a,1887046530,3568491004,11-01-2026  11:59:58,Let us discuss the plan.,1,English
78cf53b1-4e5a-4ca9-92a6-346add87ed37,981801591,6134742794,07-02-2026  09:36:22,delete kar de,1,Hinglish
7f2661c3-0b13-4a97-b806-cd575cd98769,3166114097,3868433471,06-01-2026  15:26:02,Let us discuss the plan.,0,English
527bf3ff-0dfe-4cc3-ad85-bd442bd3b915,5680989340,5836066952,28-01-2026  22:29:54,Please call me when free.,1,English
a7664e89-5395-4bbb-8d49-649af7c109db,5691107814,4710544904,30-12-2025  07:50:05,amount bhej fast,0,Hinglish
a6de3b7d-8c50-496e-8e33-c9b798cfec31,4765590664,4246191688,09-01-2026  07:59:48,confirm kar,1,Hinglish
89538d68-9303-4053-98f4-dc56b6f93132,5571874939,3371170801,19-12-2025  12:23:13,Let us discuss the plan.,0,English
792452fe-ded8-463b-8146-002d2ca25bb8,3155489216,2263996055,06-01-2026  19:46:23,Please call me when free.,1,English
4112cc07-7b04-48dd-b54d-23c95f5b601c,3436096370,4629543092,02-01-2026  10:41:06,confirm kar,1,Hinglish
849010f5-f88e-4d5c-8b49-32009c15de73,6713206343,7520660200,08-01-2026  13:02:01,Please call me when free.,0,English
c517f591-8a0b-4cdb-93aa-ddd4a04dbf64,7103018845,824710822,09-02-2026  09:42:25,amount bhej fast,1,Hinglish
ef766b5d-efa3-4eef-b930-6c1894755cae,5761550222,2696925162,08-01-2026  12:19:18,amount bhej fast,0,Hinglish
d3977c78-c480-4da6-941a-c443b7f457aa,7696548599,4778053832,14-01-2026  16:13:06,Payment received successfully.,0,English
64ae9dff-ca6a-48e1-b674-d28e0c48c2d5,2567207290,8912631626,12-02-2026  11:24:09,Check and confirm.,1,English
52299bb3-106c-4a80-94f4-8c5d8ce6894f,2091186921,6398972133,26-12-2025  18:16:14,Check and confirm.,1,English
7fe0e617-7f10-430c-843c-0bc032b397f1,2200435931,9699428433,29-12-2025  18:04:52,Please call me when free.,0,English
2f02211b-a965-4b76-8514-76d5c7c82cd2,7096880610,8453310835,11-02-2026  18:45:20,amount bhej fast,1,Hinglish
336b1af0-35dc-4f54-9979-eb6f789a0f63,4079548568,5205742341,19-12-2025  11:58:34,Payment received successfully.,0,English
f996a321-3975-4f41-be7c-a62c29069956,7076437206,2869830503,07-01-2026  16:07:04,Let us discuss the plan.,1,English
0ea14ba4-330c-411f-8d4a-c88bf4e80d41,8599090566,4621873527,29-12-2025  10:09:31,Meeting tomorrow at 10 AM.,0,English
bea4f2f2-4933-4b5b-8ba0-fff2e4cacee7,2377627596,3604090074,23-01-2026  07:59:49,raat ko transfer kar,0,Hinglish
0c3ced35-1a1a-4a4f-9592-a6a3c3556356,7808815888,2487950232,29-01-2026  16:36:58,kaam ho gaya kya,0,Hinglish
55bebe97-2c35-4eef-9234-3956026973ee,2335669392,2814577485,30-01-2026  19:00:38,raat ko transfer kar,1,Hinglish
c3261983-6d1a-4707-9f9b-4e97e94bb481,155963202,1031244756,02-02-2026  20:50:39,Let us discuss the plan.,1,English
1d3cd081-d027-4f21-86ce-b8e33f374b2d,8336155152,6429653027,22-01-2026  08:36:11,Please call me when free.,1,English
b4c88c3a-8232-4a55-ba21-6e6391a5a63e,3468260666,8042774544,04-01-2026  10:47:32,Check and confirm.,1,English
4570ddb7-f03a-41f2-ace4-d810646c4669,7705893108,4039705436,30-12-2025  16:11:56,Let us discuss the plan.,1,English
4e9a2ac7-9d50-44cd-9bb8-6bf2bfa11523,6155553979,2216223740,14-01-2026  08:08:30,Check and confirm.,1,English
3f8ed1a7-8648-4146-88a0-ee1cdacc2c06,5299864647,1103321983,07-02-2026  06:24:40,Check and confirm.,1,English
600669ae-89b3-45fd-99a9-acee6c470409,3576380673,9012476943,05-01-2026  10:00:52,Please call me when free.,0,English
1d6b7aca-ade8-4e89-8a81-250b8356b2eb,1394916156,8727798026,29-01-2026  19:46:09,Let us discuss the plan.,0,English
ca5cffb4-4b6a-4f86-a116-f90b7268a362,7782759644,8998543696,08-02-2026  22:09:22,confirm kar,1,Hinglish
7430c8e3-a04d-4a67-94c6-f3a187fa4c3c,9220007233,4217832756,06-02-2026  22:48:50,Meeting tomorrow at 10 AM.,0,English
93585546-6d12-422f-b277-441632e9936d,7012084377,3738279790,19-12-2025  06:11:18,amount bhej fast,0,Hinglish
3100cf26-0bf3-421c-b8ee-e12c7304d49a,7482665489,1360746392,07-01-2026  21:38:44,Meeting tomorrow at 10 AM.,0,English
c7e941bf-53cb-4978-aef4-c102311401af,1273003570,1790926892,31-12-2025  18:56:32,delete kar de,0,Hinglish
f628a686-de10-40c4-bdd2-9332ef1af120,4003500289,1478901253,18-12-2025  18:56:58,Please call me when free.,1,English
d91e7db5-5850-4c81-ba7f-a35a38c3ffb1,7233741031,4708355357,18-12-2025  11:45:35,Meeting tomorrow at 10 AM.,0,English
92b3b1d6-b19e-4519-a912-1867ef782e84,876722061,579808292,24-01-2026  14:22:48,Payment received successfully.,0,English
b1da9e50-8bc9-421a-a43e-8db6593f35b6,2448585302,7419486418,12-02-2026  12:51:39,Payment received successfully.,1,English
11b537df-6adc-46ae-9497-bcccdf8a4078,1472141445,4506866495,21-01-2026  08:54:30,Let us discuss the plan.,0,English
195e0041-414c-43e2-9d5d-fb3fe281a48e,6017409299,7585145470,11-01-2026  21:03:49,Meeting tomorrow at 10 AM.,1,English
ad261288-b851-411b-9599-482a886b4740,5327046309,2021959754,25-01-2026  07:31:59,Check and confirm.,1,English
891c2f50-ad42-48dc-a719-3876c2ec45d4,1220186146,9548305380,25-12-2025  11:16:46,Meeting tomorrow at 10 AM.,0,English
42b6a01f-24ee-4f5b-8cbc-222495d62cba,8090073026,5953971094,28-01-2026  12:30:55,Please call me when free.,0,English
6233ca08-7dc7-4429-b49d-589a953710a5,9068064242,3788031994,19-12-2025  13:19:02,raat ko transfer kar,0,Hinglish
dd1d2d7f-d929-471e-80e9-19fb35f30c3f,3299104695,5954868934,21-01-2026  11:48:51,Meeting tomorrow at 10 AM.,0,English
e93c64e7-daba-4732-8609-5205f54a73a4,3173780519,1853729336,19-12-2025  06:59:47,Check and confirm.,1,English
9206da00-007c-477a-a0e8-c48bbea57578,9414111681,2199465684,02-02-2026  06:26:12,amount bhej fast,1,Hinglish
b66a997b-4235-45fe-b8c9-7348da08d1c5,7696048277,2423673424,21-01-2026  10:58:06,Let us discuss the plan.,0,English
4140e350-109e-4586-ae91-203c105d1add,181507166,6711647618,25-01-2026  17:01:03,Check and confirm.,0,English
a648a41d-8d82-45c8-b915-ffffd7ff1123,8403173012,5105113816,09-02-2026  22:46:50,Payment received successfully.,1,English
b35119d3-9c09-4bb0-8808-0b09841ccaa1,7775203109,5202886608,21-12-2025  06:42:28,Please call me when free.,1,English
1843bf2c-2065-440b-bbd4-9f06ed8d05c7,5168233963,7805846272,14-01-2026  16:53:58,Let us discuss the plan.,0,English
80bb81d6-44a8-49a1-9a5d-c05c984d00b6,9173840911,1383205029,07-02-2026  11:18:27,Let us discuss the plan.,1,English
2e0cb0e2-5f98-4ba5-98dd-4285806ed203,9717440621,1817154064,26-01-2026  08:06:41,Meeting tomorrow at 10 AM.,1,English
70328454-7436-44ce-8f06-35b898008159,2234827613,2959864003,25-01-2026  08:37:38,Check and confirm.,1,English
37a87873-632f-47c0-b4ad-09fe59df1006,483262235,615658291,02-01-2026  10:07:27,Please call me when free.,0,English
a1242977-6441-4a13-91fa-407f56219aa3,8775387360,3689712052,26-01-2026  20:50:51,Payment received successfully.,1,English
08cf0aa8-cc34-414c-a401-b47174795865,29431649,7291539128,25-01-2026  21:14:54,Check and confirm.,0,English
940bd439-f73f-46dc-916a-2a33781a2616,7010128887,3705532335,11-02-2026  07:47:10,Payment received successfully.,0,English
12f42aa2-479f-48f9-968e-e42473d4abfb,5953138550,1996658425,07-02-2026  12:59:43,confirm kar,1,Hinglish
6b94c7c8-39f6-4232-a1cf-feeec436bd49,9180486446,3984591780,03-02-2026  17:37:27,raat ko transfer kar,1,Hinglish
fa7bfbb4-3341-421a-bbdc-338ecaf28d04,7059071969,7974249785,07-01-2026  18:21:29,Let us discuss the plan.,0,English
2a03c828-9977-47c8-a26f-00c91ea03cf7,8694097472,9623059340,02-01-2026  20:40:37,Let us discuss the plan.,1,English
3dc79a3a-7ea8-4f75-9960-84e82adb3f53,7495609272,4675129064,27-01-2026  17:59:51,Please call me when free.,0,English
a1595ee7-0be4-4013-a50d-928862425001,4180657470,5005086589,03-02-2026  22:44:50,Please call me when free.,0,English
eb7f492b-d6e4-4c7c-ab1f-e464464e5ec7,4642156308,6514159366,07-02-2026  22:56:54,Let us discuss the plan.,1,English
268eaa65-7943-4280-ae3a-7fa1743cfbd8,3697108701,258885103,24-12-2025  16:47:31,delete kar de,1,Hinglish
b4a27275-810e-4ba8-abb7-d6182fec4456,1720919800,5130535625,29-12-2025  20:29:21,Please call me when free.,0,English
34c058c6-8696-45cf-8f85-301c064b112e,2114597106,8992982575,22-01-2026  19:55:14,Let us discuss the plan.,1,English
7a415165-bbcf-4aed-b796-3aea772915dd,830205732,8852810761,27-01-2026  22:37:07,Meeting tomorrow at 10 AM.,1,English
187b24de-b029-41d1-ad34-6cdf73c71b4b,7049348882,5579881869,13-02-2026  09:12:57,Meeting tomorrow at 10 AM.,1,English
2b81803c-2830-44c8-bef3-ad685be80db0,4717591389,9758417797,16-01-2026  16:40:59,kaam ho gaya kya,0,Hinglish
ea8a75d4-7d29-470a-a8e4-f1bfac9c24fb,4095557765,3540700402,02-01-2026  09:48:51,Check and confirm.,0,English
a77d68f3-693e-49bc-894d-6ff9013fd283,418980266,8385716812,23-12-2025  09:05:34,Let us discuss the plan.,1,English
2386126d-8d7a-4389-9e8f-6cbb1d4626e2,5432344404,5120154887,20-01-2026  16:30:02,Please call me when free.,0,English
2c285c1e-8e19-4c70-91d9-30bc4165c36a,3489964047,8574496070,25-12-2025  06:59:19,raat ko transfer kar,1,Hinglish
37b7b1d6-430b-4f89-bdf4-63d5720efb87,6060396924,4903421116,10-02-2026  06:04:48,Meeting tomorrow at 10 AM.,0,English
4e57c3ea-9b4b-4bb9-bd4e-73e147a585ed,2018485779,6925238709,02-01-2026  17:50:10,raat ko transfer kar,0,Hinglish
8e2d39c3-3e0b-4b8b-a4e7-56f3e9dc05fa,1908347127,8694061058,06-02-2026  17:32:27,Please call me when free.,1,English
2ef6e2d3-77b2-42f8-9b4d-e78369f0cf35,4862072863,2589753007,24-01-2026  19:21:12,Please call me when free.,0,English
033a47b3-ed2b-4a7d-b77d-8ca6e67b159b,5297115722,1346373574,26-01-2026  11:06:41,kaam ho gaya kya,0,Hinglish
fd0f7a84-21b3-48db-8400-d689555a6077,3960502716,593211037,13-02-2026  21:24:07,Let us discuss the plan.,1,English
7f7a2e04-223e-4ab3-a27d-e3ab0dbf4d75,4192365103,5919870617,26-12-2025  06:26:49,Payment received successfully.,1,English
d3a96aec-3d83-4971-91d3-e65e973ab914,1301885472,5646989875,08-02-2026  08:25:12,Please call me when free.,0,English
9fc7b4f5-5134-4461-92d8-6ce6e535e95c,5185238138,4324054746,22-01-2026  20:52:28,Please call me when free.,0,English
b2eaa15e-f69d-4180-869d-e0dbb5e42f49,742989755,3433292568,22-12-2025  21:49:43,Please call me when free.,0,English
e14a6cda-1ecc-49f3-b6a8-aae9bd5a9c7a,858356214,7970887124,15-01-2026  08:12:00,Let us discuss the plan.,0,English
dad2b926-370e-441b-8de8-d21f50bfd068,8860309425,6965610128,24-12-2025  21:38:03,Please call me when free.,1,English
1c4b503a-3d87-49f7-bc51-669ea168fa61,3559723782,7534796404,24-01-2026  15:32:06,Check and confirm.,0,English
8035e11e-9d79-41b3-ac9f-3d07306ae48a,4946150160,7927905145,08-01-2026  08:10:44,Please call me when free.,1,English
06ff94b7-b9a9-4912-be63-c660aab5ddbd,2954133531,8268403685,07-02-2026  07:57:11,Meeting tomorrow at 10 AM.,0,English
b580d874-8200-4d5e-ad63-a61ef5f70b38,4251418650,7444384185,29-01-2026  06:45:53,Check and confirm.,1,English
72da10cd-7cc5-43a7-989d-ee2b774bc519,1980449742,2942396832,05-01-2026  17:07:52,Check and confirm.,1,English
e00df4f1-102d-46e8-8627-de91914f09d3,9749156890,6355489430,11-02-2026  09:46:29,delete kar de,1,Hinglish
17a1e1dd-96d3-49b6-9ef7-447145ab69f1,3224152665,9222263968,02-02-2026  09:47:17,Let us discuss the plan.,0,English
4a7e458a-0a82-4a82-b32a-e9dca9858632,2600142032,6479791828,24-12-2025  21:19:55,Please call me when free.,0,English
e598ff05-dfe9-4244-9477-57fd25ab858c,8992079184,6363857293,04-01-2026  18:53:26,confirm kar,0,Hinglish
1b298d98-bd6c-46d5-b86c-2ac7e544c0f6,3998907920,4236105600,19-01-2026  07:40:58,Please call me when free.,1,English
e292e659-e7c4-4321-b7ae-19465f9990bf,5016265227,9355268555,22-12-2025  20:50:46,Check and confirm.,0,English
43c00155-7b45-4061-b6e4-95a05cee576a,3144505615,548678023,18-01-2026  20:29:27,Check and confirm.,0,English
79aa593e-23b8-4da3-a396-4d76846fe5ad,5778684835,5798054574,04-02-2026  09:39:36,Please call me when free.,0,English
cc26ed52-118b-49f5-bc6a-45925d5b49fd,3014127023,3819105145,25-01-2026  17:57:26,Please call me when free.,1,English
a0a286b2-b713-418e-ac87-c5a1ccd1fc47,9399747306,152219835,16-01-2026  06:01:25,raat ko transfer kar,0,Hinglish
a604e582-9cee-4c99-a496-beb3c0ce0ab6,4922119549,7350078716,15-02-2026  08:47:57,kaam ho gaya kya,1,Hinglish
557982e9-8099-4a85-8d57-924c75ff4a51,1939256291,9408245419,24-01-2026  19:58:14,Please call me when free.,0,English
9fc46df8-c038-4e17-97cf-4fa8aee80de3,1174498482,3337696848,26-01-2026  12:19:06,Check and confirm.,0,English
615f0997-2ed5-41f2-ba6c-c9da0f6c2289,2079257120,6389837054,21-12-2025  09:39:17,Check and confirm.,0,English
4ccaf5b8-01ae-4012-b0b6-2116fdff227d,8737270384,9212613860,29-12-2025  20:37:32,raat ko transfer kar,1,Hinglish
51a33e2c-8db4-4d9b-8214-f999e506a892,8240603135,9104748279,29-01-2026  09:16:22,Meeting tomorrow at 10 AM.,0,English
a2bf7fc0-37b4-44b9-b666-ab7b2656ee09,3755851276,3642164253,20-01-2026  16:11:56,Please call me when free.,0,English
4c3fca70-ee9c-4ba4-9ab5-50a1d66199aa,5778399899,5984502757,05-02-2026  22:25:47,Let us discuss the plan.,0,English
fc3f01a9-2e45-4e42-bb4e-5b23d7e87969,9931286732,2645997483,20-12-2025  16:11:34,Meeting tomorrow at 10 AM.,1,English
27b13aca-16ff-43ce-96c8-852bf1e8f7ff,3181772063,785447548,30-12-2025  11:23:52,Check and confirm.,0,English
a7e0e1e2-5046-457c-b4bc-8c61d540184f,1224167695,2288479473,03-02-2026  14:07:48,Meeting tomorrow at 10 AM.,1,English
06a2872d-d764-426f-ad67-e78843bf8633,7134420203,1853477525,19-12-2025  19:45:51,raat ko transfer kar,1,Hinglish
803952ea-7ad7-46d3-9359-b23e5fc25cb8,3394957495,1032022527,01-02-2026  09:12:58,Please call me when free.,1,English
47c83cb2-d86f-4a61-81d9-bb3d03b62617,9059524595,7488699572,14-02-2026  22:48:30,Let us discuss the plan.,1,English
293e917a-0ee3-4673-9c58-bc4a30f72bec,745480814,5902702189,27-12-2025  16:31:25,raat ko transfer kar,0,Hinglish
0c6d2b9b-72f3-490e-bade-03e9896ff93c,6549428470,4962417555,23-01-2026  22:49:30,kaam ho gaya kya,0,Hinglish
c8555ad1-7947-413d-b12b-65ace39455b2,405531828,5057135001,20-12-2025  20:59:48,amount bhej fast,1,Hinglish
11d19601-212e-4cf4-8af8-cc9b3fb1d17f,6847752894,1023117680,22-12-2025  08:48:45,Check and confirm.,0,English
ecba37d0-b4e9-4df5-833b-2a6946bfcfbd,1911052008,6531941761,19-01-2026  13:11:20,Payment received successfully.,1,English
69faa46b-9933-4e8f-a46f-0ea53605eda6,2611028752,3631587658,07-01-2026  17:38:33,Payment received successfully.,0,English
ed51bff6-4ccb-46c1-9c71-178b21bbfd66,7568567934,9219223672,31-12-2025  15:40:58,kaam ho gaya kya,0,Hinglish
1bc252d6-40cb-426d-8e2c-61e0c3e8b97f,255040159,7034123744,19-12-2025  12:43:44,Check and confirm.,0,English
57cd7ced-6b24-479e-aca7-4f905fb8b332,1118264786,4415549289,23-12-2025  11:51:54,amount bhej fast,1,Hinglish
a858312e-323b-4a79-b1db-7601d99d7c44,6246360076,7310169100,11-01-2026  09:16:51,kaam ho gaya kya,1,Hinglish
a1fe37a8-b900-4dcb-8fb6-e83895224a34,8208399916,6330131236,01-01-2026  20:04:03,Check and confirm.,0,English
45034cd9-476f-4b0d-a5e9-485809090ce4,4349916765,5702261480,21-01-2026  08:08:26,raat ko transfer kar,0,Hinglish
0a1217e7-ce86-44b9-9ec6-ab1a8e7069f9,3406171187,3974481613,10-02-2026  08:25:32,Check and confirm.,0,English
6ff58716-0340-4c5b-853c-05fb552c3db3,6205195233,7155847848,05-01-2026  10:39:11,Please call me when free.,1,English
849af504-dafd-4ecf-9cc8-a79b9bc7770d,433159102,8102788383,29-01-2026  16:20:24,Please call me when free.,0,English
b2190290-73ad-461a-b24f-412e608e28a7,3297760090,4795701106,08-01-2026  09:29:43,Check and confirm.,1,English
a7323e2c-6db0-4e94-8eab-7a621bd028ca,1649555566,3829702004,11-02-2026  09:16:16,delete kar de,1,Hinglish
2b639f3c-bc82-4126-a6ac-ab1aaf63e982,8172913651,8401601702,25-12-2025  07:25:15,Meeting tomorrow at 10 AM.,1,English
92a78279-7106-490c-807e-d749519a3f07,3228355427,7511516453,12-01-2026  08:35:16,Check and confirm.,0,English
01b67cd4-979d-4cdc-91e5-d83cc8cc6c0c,8572165407,2175490607,11-01-2026  11:01:46,Check and confirm.,0,English
df60695e-0b61-4855-aa55-b799e98253fb,3898306879,7152209723,08-01-2026  20:42:48,Let us discuss the plan.,0,English
daf74830-f0a9-4bb6-8c5a-114464fab6e0,3931635499,5011224678,01-02-2026  13:30:55,Please call me when free.,0,English
fcb2d120-49e9-46df-8d56-a2875d95dcae,8325919928,6071132411,23-12-2025  11:50:12,kaam ho gaya kya,1,Hinglish
34ee16d8-b918-4fad-a446-7d4ab57cac80,3461285386,995450171,09-01-2026  19:46:58,amount bhej fast,1,Hinglish
c4191eda-b737-43c2-81eb-5f94397f4231,1839524290,4674079480,16-01-2026  09:05:45,Meeting tomorrow at 10 AM.,1,English
0fd4d2e7-0aee-450c-9c73-9c646d18b7dc,4660881458,9856561314,11-02-2026  19:05:53,Let us discuss the plan.,1,English
2288966e-08cd-4024-8af1-86ca513f14fe,314228504,206399769,24-12-2025  17:47:26,Let us discuss the plan.,0,English
b944350d-cb1b-42d2-89fb-295c986fcbb6,7761552653,9523299776,28-12-2025  10:54:56,amount bhej fast,1,Hinglish
f1c7957f-28df-46e8-9ed2-9a2923fa5eb4,4553936650,1087577209,29-12-2025  21:51:51,Let us discuss the plan.,0,English
939b4b93-ddff-4681-aa17-4264c0b972c5,3464713264,9944549831,27-12-2025  17:15:14,Check and confirm.,1,English
b991b506-e2b5-4207-a245-e9e586f65383,19430603,2698880049,12-02-2026  14:39:57,Let us discuss the plan.,1,English
002f20d7-58c2-41ef-8c5a-2c638d6c1d2e,9356151650,8736297130,31-12-2025  09:17:45,Check and confirm.,1,English
152b6fd8-3a59-407f-aaf9-0fd55c9047dc,2609036783,380684916,26-12-2025  21:27:29,Payment received successfully.,0,English
901d3d34-9816-4f3c-bd83-b4708a157678,8172946891,2455339002,06-01-2026  07:01:07,delete kar de,0,Hinglish
fd55e7b7-0454-46fb-aa81-f42f3fe82cef,3222354225,8135124882,31-12-2025  09:26:45,Let us discuss the plan.,0,English
66636a61-2a5b-49e3-9b73-e00552465201,4951522637,9471318807,23-12-2025  21:24:44,amount bhej fast,0,Hinglish
7ad0dcdf-0e72-42e5-8896-e73013e4cd4d,7666453193,6617992691,15-01-2026  06:03:33,kaam ho gaya kya,1,Hinglish
9ca3f7a1-76a7-472a-b3b0-5c6c1ea810e5,1829041791,7121393058,26-12-2025  08:17:18,Please call me when free.,1,English
79650432-bbf7-441e-bfde-d1ab0c583f8c,5115016492,6896624153,30-12-2025  13:39:45,Let us discuss the plan.,0,English
a5394731-12f1-4df8-ae0a-e79f631836f8,3296521267,216127971,22-01-2026  12:04:15,Payment received successfully.,0,English
56f8b7a4-2f68-4640-93d7-9c5b6bb91caf,7319716995,2625017287,12-01-2026  14:05:30,Let us discuss the plan.,0,English
e1aaa602-2933-4307-b5b5-bc64bb8b356a,9270271754,3723084353,09-02-2026  09:09:37,Please call me when free.,0,English
d4ba7837-5f63-4cb5-b278-0b21219d36aa,6199032787,1172274912,13-02-2026  14:50:03,Check and confirm.,1,English
e7b32dfb-6faf-43bb-ac84-bb6932f545be,4233929505,7995182418,31-01-2026  08:38:00,kaam ho gaya kya,0,Hinglish
10ee50ad-150f-45d4-8fd9-a1ddee231651,7491942070,4444393547,17-01-2026  14:30:35,Please call me when free.,0,English
6fef12a1-453e-4290-b960-966d8836b68a,1613418975,9457173546,28-12-2025  10:08:47,Check and confirm.,0,English
7f550799-8ef0-4316-ac04-07c530c61120,8204619328,7958932506,11-02-2026  13:53:46,Please call me when free.,0,English
d0540a95-49e3-45da-87ad-de9050262d6c,2534000632,1627435029,22-01-2026  08:24:01,Meeting tomorrow at 10 AM.,0,English
23b82dd3-3b4e-4957-a374-06fe2068ef17,6607359785,5648965842,09-01-2026  10:18:47,delete kar de,0,Hinglish
a0fa1c63-abd7-4d7b-95b0-71ea4697bb24,3808580174,8593153387,28-01-2026  22:59:13,Let us discuss the plan.,0,English
3318caa6-7d65-4af8-b6d0-e0aaea2be968,3004183944,6630590135,14-02-2026  09:19:00,Check and confirm.,0,English
ce26cd3f-352e-4308-8da6-fc33d8787010,1419336598,7153600508,13-01-2026  08:59:57,Please call me when free.,1,English
a69f1e76-fbed-4480-81ad-d76ef2a382b2,8011404356,9753706339,24-12-2025  16:25:53,Meeting tomorrow at 10 AM.,1,English
62a8ef5b-1869-4921-8860-4e06792d9056,1027462719,7800236604,08-01-2026  19:24:14,Meeting tomorrow at 10 AM.,1,English
93418377-4e25-40dd-94a4-9dcbcba6987a,2377835723,4247557113,14-02-2026  16:46:22,Meeting tomorrow at 10 AM.,1,English
1c9901a9-ccd9-461a-9b7e-e6ae389d7da4,5529298270,1172859586,19-01-2026  14:11:52,Check and confirm.,1,English
120c6e21-daf1-443c-be94-613f56f6850a,5945423154,6196656401,31-01-2026  20:27:59,Let us discuss the plan.,0,English
03259d1d-f177-4950-aa63-f63dc5e7e9ab,7506291397,8199404422,13-01-2026  18:27:28,Meeting tomorrow at 10 AM.,1,English
5af7ee21-63a6-43fd-a447-d09a10df816a,1854952112,8453880639,13-01-2026  21:41:45,Payment received successfully.,1,English
f6f33ef8-dea8-400e-bffd-fdbba5ed0ff5,9994720934,1154817592,31-12-2025  08:00:00,Meeting tomorrow at 10 AM.,0,English
9258c192-80c8-40f6-ae92-d03442116e2d,1947783342,6631305678,10-01-2026  17:07:46,Check and confirm.,1,English
f5ad883f-f98b-4f47-ac17-a3c7166cff1d,1618090658,3730352750,11-02-2026  21:45:24,Meeting tomorrow at 10 AM.,1,English
4886a779-a172-4d55-b8bc-9d4a3f4fa1b4,9463865988,2299746724,03-01-2026  15:31:34,delete kar de,1,Hinglish
3ef600cc-9bd9-4f0d-b634-02daea3e2b2b,9338778154,2667302820,10-02-2026  13:42:28,Meeting tomorrow at 10 AM.,0,English
b3e237c1-9fdf-476c-bfd8-e57fc16a304a,1681351236,9225857256,01-01-2026  08:12:36,Meeting tomorrow at 10 AM.,1,English
67d77efe-3ac8-4b82-a3e3-ba25c678cf4a,4549627870,3807684265,15-01-2026  10:10:18,Payment received successfully.,1,English
3c3eeb50-8d37-4154-a98a-a3e8dde3af5a,5531667973,7003047625,28-12-2025  09:31:04,Check and confirm.,0,English
1c2ce237-6ebc-4e97-a13c-d19f6553f403,7415224340,4397106043,22-12-2025  11:25:06,delete kar de,1,Hinglish
9782face-f03d-478f-abd6-53d3fb2f311c,4200846164,123734006,31-12-2025  07:24:12,Check and confirm.,1,English
f6b05674-f96b-4808-805e-504496457402,2011934234,9421187538,08-02-2026  11:27:47,Payment received successfully.,0,English
009effaa-be9a-45f9-aea2-7580ac98bb1d,2771551434,1998465015,18-12-2025  06:38:17,Payment received successfully.,1,English
dde693f7-f4c6-4e95-8aab-e3c949034d97,864362483,882277227,05-02-2026  09:50:42,Meeting tomorrow at 10 AM.,1,English
f02ffbd5-56df-47b3-8896-1681e9d73c1f,9349508393,465095711,31-01-2026  17:02:47,kaam ho gaya kya,0,Hinglish
d17965ca-adf5-4881-ae7c-71aca2ab4e50,6174629675,5126687879,31-12-2025  14:07:27,amount bhej fast,1,Hinglish
fe0a4b00-b713-4fc7-9d6b-5d95fac3a3b0,3931688050,5049547219,28-12-2025  08:56:05,Let us discuss the plan.,1,English
b69758a0-3bba-4f14-8808-d4a8f18485d7,8194666634,8720350263,10-01-2026  11:19:01,Meeting tomorrow at 10 AM.,1,English
c8adcc66-25e2-4335-9ab6-ba90c999bd5e,2807556951,5822792017,05-02-2026  19:23:07,Check and confirm.,0,English
2b0b96be-3b53-472b-a0f7-4b979e4423e5,450048474,655181479,28-12-2025  12:01:10,Meeting tomorrow at 10 AM.,1,English
f82f637a-63fe-4f9f-b312-1b02f6c8a346,6762537094,2428496696,06-02-2026  16:22:07,confirm kar,1,Hinglish
20b7aab1-a945-4d2c-a015-0068bf50498d,9762978869,2069856841,11-02-2026  20:10:25,Let us discuss the plan.,1,English
ed1858dc-fbf8-461e-b117-048fa4bf7748,9292927428,9176052678,01-01-2026  19:28:39,Payment received successfully.,1,English
53c6f09a-f25c-44c2-8281-c2c01c8c7e85,4002918545,369142350,13-01-2026  20:26:45,Payment received successfully.,1,English
ecfc9d38-9875-4012-a25f-6d6d9bcd955f,4610137090,8157863621,11-02-2026  14:04:28,Please call me when free.,1,English
76b5d1c5-0a71-4548-b972-98233579bea3,5298468073,4625916039,02-02-2026  11:40:00,delete kar de,0,Hinglish
e5c662e1-836b-44b5-97c2-9a7bf727e20e,5011046840,3140409767,14-01-2026  08:00:12,Payment received successfully.,1,English
80bf9584-21c4-40e8-8154-65368d355cff,6483099759,4877324697,04-01-2026  12:03:25,Check and confirm.,0,English
6b638bb6-4b40-4a03-9b70-d083d38201fd,4107088238,1190766799,01-01-2026  12:55:46,delete kar de,1,Hinglish
3121976f-36c2-4aaa-aec1-44cab11b2ddd,6751064022,4837188999,25-01-2026  14:14:13,delete kar de,0,Hinglish
938dd6fa-6229-43f8-b2f2-6c0e7a04d9bf,2215510448,6528597809,17-01-2026  11:12:06,Please call me when free.,0,English
34ab1b19-7d9c-44ba-9369-3704e934ae7e,8605484560,1989483758,08-01-2026  18:03:23,kaam ho gaya kya,1,Hinglish
3b395f74-3e9a-42d2-b416-dfb7e8d1cdb2,2528919260,9879929758,17-01-2026  18:14:14,Meeting tomorrow at 10 AM.,0,English
62421b1e-86d2-4dad-8ffc-a3fb6a69a19a,9665862281,9969533886,10-02-2026  10:10:54,Let us discuss the plan.,0,English
f9ac1d01-79d9-48d7-bf30-ccc80b32dbe3,1941193988,5132962951,17-01-2026  16:33:38,Let us discuss the plan.,0,English
5b76fd0c-3805-4cf6-aab4-408149546639,2222335934,7781485003,11-02-2026  13:43:16,kaam ho gaya kya,0,Hinglish
cc6b2641-1417-4490-a413-d8eaa8072daf,1194456544,6333454124,13-02-2026  17:49:53,Payment received successfully.,1,English
4d75ff2f-944a-4b62-be9c-99e449eac5e2,2965053805,8810644309,25-12-2025  18:15:25,Payment received successfully.,1,English
91e3e00d-248a-46b3-9e81-53b03065617f,8106150034,6047709581,03-01-2026  16:23:37,Check and confirm.,1,English
11679fa2-4b02-45b0-8dd4-eb7fda6bdd7c,5130282373,1189443405,24-01-2026  11:25:03,Meeting tomorrow at 10 AM.,1,English
b26787a1-60df-48f4-be84-bdfabaa7fb11,5362739854,2710218937,23-12-2025  09:01:39,Let us discuss the plan.,1,English
3c645c55-6094-4f0f-9f96-31d947bd44e6,6225074640,1119575015,23-01-2026  13:39:58,Let us discuss the plan.,1,English
8a6fe2aa-b759-4754-bf75-281f5a9300e5,5145894123,1312566500,29-01-2026  15:53:45,Meeting tomorrow at 10 AM.,1,English
3c7cc891-c48d-4bbc-a32f-095563d10ee0,2927401946,2855360932,03-02-2026  11:25:47,Payment received successfully.,1,English
f7148b14-37e1-401b-a848-fe2cc6844a4d,5701667413,692717977,31-12-2025  11:41:46,Let us discuss the plan.,0,English
257bd567-a5e8-4a8a-80b8-ed79d8951ddf,4416117766,280418976,04-02-2026  21:29:42,Let us discuss the plan.,0,English
ab81e3cd-89bc-41ee-99c5-24b39aab23fd,4091815853,5136130382,08-01-2026  20:14:03,confirm kar,0,Hinglish
382644ac-91fb-4cb0-9afb-7109dd3f06be,3521484161,1177783151,11-01-2026  07:15:21,raat ko transfer kar,0,Hinglish
1541f591-9c84-40c8-a96b-322de1b233ff,5220158355,9698237113,29-12-2025  06:10:02,Check and confirm.,1,English
ac31a1e8-f7d8-4cf6-9ea2-001ff40d64c5,5569772854,6916192739,28-12-2025  19:59:25,Let us discuss the plan.,1,English
be74ae9b-6795-4dd4-be01-dc61f62e476d,7167941471,729872800,02-02-2026  17:04:15,Let us discuss the plan.,1,English
ac4ac189-fd95-40e3-bb55-0f0ed26a7212,2897954779,2866977798,02-02-2026  20:50:34,raat ko transfer kar,0,Hinglish
cf9807f3-dd4b-4c40-969b-ad2772e93c78,1180084380,5055670028,01-02-2026  18:16:24,kaam ho gaya kya,0,Hinglish
bdb8dcb6-2b9b-4f5d-979f-fde9324108d9,9928676687,8354290052,06-01-2026  06:52:33,Check and confirm.,1,English
6b6b6223-3702-45ac-b5a4-d9188f1ab061,5221774615,3185529270,07-02-2026  12:06:02,Let us discuss the plan.,1,English
6edd5b50-e5b2-4d8a-a09c-d107f9ab5dc3,6636080813,3565326316,29-12-2025  14:30:51,Payment received successfully.,1,English
62401a69-15aa-45be-88c3-4ec26f69a2d7,2636412611,5788746929,26-01-2026  07:26:06,Payment received successfully.,0,English
c3039e48-fe72-4e59-8167-24c95435aec9,2641507068,2600118705,20-12-2025  10:43:27,raat ko transfer kar,1,Hinglish
e2d15d87-e417-4caa-b175-c671157ef6dc,2044175698,8678170090,06-02-2026  07:49:37,amount bhej fast,1,Hinglish
f0a4dd40-3154-40c9-91cf-620bd36803be,4753987797,5424129189,10-02-2026  16:09:31,Let us discuss the plan.,1,English
f8759662-cd87-4f56-a9f9-3d25e1d3027a,6220994775,7607232677,21-12-2025  15:24:49,Check and confirm.,1,English
3d85fd17-c956-463a-b304-69e26e242271,4005673618,7153650353,03-02-2026  22:33:39,Please call me when free.,0,English
cf574d75-6b01-412f-9e01-fd3b9023a618,6748376205,3461198943,12-02-2026  11:52:48,Let us discuss the plan.,0,English
c43b08b9-c132-4cc8-af3c-c5dddd8977d5,2354864406,827401944,03-02-2026  16:04:55,Meeting tomorrow at 10 AM.,1,English
4727684a-825d-4baa-b39e-03b0e479bcc7,1283575861,8094863620,12-02-2026  06:51:20,kaam ho gaya kya,1,Hinglish
85db4327-737d-4814-8f37-d0eeb3989eef,5243808423,7951778733,09-02-2026  09:20:09,amount bhej fast,0,Hinglish
bb67340c-4fdb-44a7-8147-4a02d9456925,3448948950,3109722544,09-01-2026  13:01:02,Let us discuss the plan.,1,English
22106a7b-9134-4468-a91a-4f8b4b107932,3580545633,4504260990,31-12-2025  09:54:56,Let us discuss the plan.,1,English
f8e1f5cd-3072-4532-a3ef-7d084d7888f2,2995315553,9776626068,26-12-2025  22:54:29,Please call me when free.,1,English
2073fdb2-10ae-46c5-b970-2aadc4e0c1d0,7727079651,4831753423,02-02-2026  16:47:51,Please call me when free.,0,English
e68a6b17-a0ca-4af4-aca6-06d14ba35734,2586761570,1286968030,08-02-2026  10:00:24,Meeting tomorrow at 10 AM.,0,English
a0dc0c18-9b1c-4862-a365-44ef2b0c7767,9370000015,7202715174,27-01-2026  06:39:40,Check and confirm.,1,English
ad55868d-a849-4b00-ab6d-bb85ad90e8cc,7075956719,2473619327,18-12-2025  13:21:16,Meeting tomorrow at 10 AM.,1,English
6ab2dd3e-323e-4498-abb5-823bcc9af0e4,9932279595,7574119517,22-01-2026  06:56:36,raat ko transfer kar,0,Hinglish
8010aea4-3045-4bdd-a60b-d968f1fd08de,3372181515,2522746266,06-01-2026  08:02:08,Please call me when free.,0,English
2435f49f-6b89-4e66-865e-79fd404488e2,5584619640,1749042241,06-01-2026  15:26:20,Please call me when free.,1,English
ed4f12ea-64c7-46cd-9ff0-62509674f0a7,3349181354,1809430246,09-02-2026  15:12:29,Check and confirm.,1,English
bef2ff3a-db44-46e0-959f-61c724b577a3,2388416865,5623564712,09-01-2026  13:58:22,Let us discuss the plan.,0,English
87f9a4bb-cf96-41a6-be46-a1818c179695,5532893059,9703617382,16-01-2026  22:42:49,Please call me when free.,0,English
97b4f306-3ef6-4215-8f39-f7ebee5d871e,9854920740,6462156529,20-01-2026  14:38:55,Let us discuss the plan.,0,English
1175eb74-7a77-4438-b144-2f689d979c89,4282567053,2926879677,12-02-2026  17:10:48,Check and confirm.,1,English
cac70897-f962-4139-bc01-c4367cdcaa53,5451507311,4375018963,01-01-2026  17:53:02,raat ko transfer kar,1,Hinglish
7f782d91-d408-4f2a-886f-8bfea1591bf9,5371341441,7046153964,22-12-2025  07:17:22,Please call me when free.,0,English
b6abc913-c3e9-4d6d-a8a5-362149bd7cdf,6120466892,8026795820,03-02-2026  17:31:24,Payment received successfully.,0,English
a0309574-0558-4980-bb21-22dd9d468d2a,6825020809,388943346,07-02-2026  12:36:48,Meeting tomorrow at 10 AM.,1,English
921b4ac2-9b42-43ae-ada4-d9abb2e2abb7,3937148154,3172884503,03-01-2026  10:59:58,Check and confirm.,0,English
a06c206d-b46b-4b80-84f2-656e88ee3b54,3499028000,38311279,22-12-2025  21:55:35,amount bhej fast,1,Hinglish
9d2e7e6c-0d9f-4816-bcf4-7bf90ea4a919,8618970361,7346221773,26-12-2025  15:29:23,Meeting tomorrow at 10 AM.,1,English
ed0df8d0-79e6-47ba-bf8a-ff370cbe4e81,5279322730,7982215860,24-01-2026  16:36:48,Let us discuss the plan.,0,English
cbe3b418-7d18-4d58-8cdb-16a221e264d9,6216342201,6012913547,15-01-2026  16:40:20,Payment received successfully.,0,English
821acfe8-c0d3-422a-a294-a99e8d7e9d72,2129198211,5903296914,04-01-2026  10:05:43,Check and confirm.,0,English
b95c28a9-351d-4bde-a3d2-8844d576eae0,110711160,6702500097,22-01-2026  20:38:43,Please call me when free.,0,English
a336d5b3-72a6-4c36-a970-4a4b69daa4b8,8883857758,5051316588,18-12-2025  14:03:00,delete kar de,1,Hinglish
c00a278f-9acc-42de-83df-492c04169912,7586292907,7945369361,03-01-2026  17:11:51,amount bhej fast,0,Hinglish
2f065ff7-eba0-4c9b-b87c-7ce96cd8c191,9197070896,3033427113,30-12-2025  10:47:58,Payment received successfully.,1,English
f304675b-9d07-4648-aef0-0158a7cfa7b4,9288144130,7841975353,27-12-2025  11:14:09,raat ko transfer kar,1,Hinglish
15bf4bb1-9902-4e1d-bee1-630055b88f12,1187931054,6557358001,07-01-2026  17:28:34,kaam ho gaya kya,1,Hinglish
182c7ec3-9e2a-437d-8454-31cf018ad304,6426244707,3467822213,03-01-2026  21:01:11,Let us discuss the plan.,1,English
